Sale Year/Quarter,Antrim and Newtownabbey,Antrim and Newtownabbey HPI,Antrim and Newtownabbey Standardised Price,Ards and North Down,Ards and North Down HPI,Ards and North Down Standardised Price,"Armagh City, Banbridge and Craigavon","Armagh City, Banbridge and Craigavon HPI","Armagh City, Banbridge and Craigavon Standardised Price",Belfast,Belfast HPI,Belfast Standardised Price,Causeway Coast and Glens,Causeway Coast and Glens HPI,Causeway Coast and Glens Standardised Price,Derry City and Strabane,Derry City and Strabane HPI,Derry City and Strabane Standardised Price,Fermanagh and Omagh,Fermanagh and Omagh HPI,Fermanagh and Omagh Standardised Price,Lisburn and Castlereagh,Lisburn and Castlereagh HPI,Lisburn and Castlereagh Standardised Price,Mid and East Antrim,Mid and East Antrim HPI,Mid and East Antrim Standardised Price,Mid Ulster,Mid Ulster Standardised HPI,Mid Ulster Standardised Price,"Newry, Mourne and Down","Newry, Mourne and Down HPI","Newry, Mourne and Down Standardised Price"
Q1 2010,217,79.3,"£131,637",286,86.8,"£157,804",261,77.9,"£118,696",599,81.1,"£121,149",191,69.9,"£127,378",137,80.8,"£114,149",80,76.7,"£120,291",212,79.9,"£154,880",211,78.7,"£115,431",140,75.1,"£115,280",170,78.7,"£136,482"
Q2 2010,245,78.4,"£130,115",269,86.6,"£157,317",298,75.2,"£114,624",604,80.0,"£119,520",210,71.6,"£130,477",178,75.7,"£107,006",95,74.5,"£116,875",244,78.8,"£152,782",238,83.7,"£122,849",150,74.5,"£114,396",165,77.0,"£133,631"
Q3 2010,269,78.8,"£130,822",286,85.9,"£156,176",224,75.8,"£115,533",534,77.5,"£115,719",400,65.9,"£120,231",178,74.4,"£105,141",85,77.8,"£122,020",238,79.4,"£153,928",189,79.5,"£116,710",132,73.0,"£112,108",171,76.3,"£132,385"
Q4 2010,270,71.9,"£119,289",305,79.5,"£144,421",299,72.8,"£110,960",606,71.5,"£106,795",249,68.0,"£123,963",180,69.4,"£98,055",116,70.5,"£110,651",231,74.2,"£143,992",229,75.7,"£111,101",148,68.9,"£105,850",181,73.4,"£127,367"
Q1 2011,205,69.1,"£114,662",235,75.9,"£137,971",254,70.2,"£107,017",585,67.5,"£100,857",189,65.7,"£119,829",166,72.6,"£102,618",85,69.8,"£109,486",209,70.1,"£135,873",195,65.9,"£96,632",124,70.4,"£108,122",154,69.4,"£120,414"
Q2 2011,224,69.7,"£115,775",294,72.5,"£131,820",288,65.3,"£99,523",573,67.7,"£101,168",201,62.5,"£113,883",207,67.6,"£95,618",101,75.7,"£118,689",188,66.5,"£128,964",204,72.3,"£106,126",160,67.5,"£103,614",180,69.2,"£120,128"
Q3 2011,283,69.8,"£115,794",357,72.3,"£131,495",347,66.7,"£101,644",677,66.9,"£100,009",273,58.8,"£107,207",210,65.1,"£92,037",121,66.5,"£104,332",301,67.4,"£130,632",277,70.6,"£103,529",157,64.3,"£98,644",205,67.9,"£117,806"
Q4 2011,252,64.6,"£107,268",342,73.2,"£133,111",327,63.4,"£96,701",714,64.8,"£96,769",236,60.4,"£110,056",179,61.5,"£86,969",113,65.0,"£102,010",270,65.9,"£127,860",246,68.4,"£100,409",183,61.2,"£93,915",216,67.0,"£116,301"
Q1 2012,317,60.9,"£101,086",359,66.8,"£121,415",337,60.8,"£92,696",744,59.0,"£88,174",215,54.4,"£99,120",181,63.1,"£89,167",108,61.8,"£96,862",313,62.4,"£120,938",243,63.8,"£93,671",170,58.5,"£89,864",188,63.4,"£110,006"
Q2 2012,275,61.2,"£101,666",315,65.7,"£119,366",343,60.4,"£92,021",700,60.1,"£89,830",236,56.1,"£102,290",194,61.9,"£87,433",115,59.9,"£93,901",281,61.9,"£120,117",295,66.3,"£97,300",148,61.6,"£94,600",225,59.1,"£102,473"
Q3 2012,304,61.0,"£101,308",411,65.7,"£119,388",398,56.1,"£85,539",788,59.2,"£88,415",277,52.8,"£96,193",229,58.7,"£82,973",108,60.0,"£94,083",307,61.9,"£120,085",311,62.8,"£92,157",197,58.0,"£89,033",228,59.0,"£102,302"
Q4 2012,343,59.7,"£99,135",424,64.4,"£117,091",441,54.7,"£83,316",797,57.1,"£85,242",279,52.1,"£95,050",259,58.4,"£82,611",140,56.4,"£88,484",326,61.4,"£119,074",278,61.7,"£90,576",205,55.7,"£85,549",279,57.8,"£100,329"
Q1 2013,291,57.6,"£95,681",420,62.2,"£113,118",373,55.1,"£83,944",729,55.5,"£82,847",280,51.0,"£93,050",233,56.1,"£79,233",127,57.9,"£90,749",297,59.5,"£115,484",280,60.6,"£88,957",178,57.1,"£87,665",232,54.6,"£94,780"
Q2 2013,330,58.8,"£97,655",466,63.0,"£114,577",407,56.1,"£85,520",816,57.2,"£85,459",335,51.6,"£94,002",248,57.9,"£81,847",136,57.4,"£90,046",395,60.1,"£116,614",283,61.1,"£89,632",198,58.8,"£90,313",261,55.0,"£95,498"
Q3 2013,359,59.3,"£98,358",491,63.8,"£115,947",434,56.6,"£86,250",907,59.2,"£88,418",308,52.6,"£95,845",260,58.6,"£82,780",166,62.0,"£97,324",454,61.2,"£118,670",334,60.9,"£89,306",212,60.3,"£92,607",290,56.2,"£97,455"
Q4 2013,383,59.8,"£99,298",633,64.6,"£117,348",564,58.7,"£89,438","1,108",60.3,"£90,114",408,52.9,"£96,383",271,58.2,"£82,253",171,56.6,"£88,813",514,61.3,"£118,883",391,62.0,"£90,942",240,59.8,"£91,757",374,55.0,"£95,424"
Q1 2014,404,60.9,"£101,064",565,65.8,"£119,665",437,59.1,"£90,123",994,60.7,"£90,702",335,51.0,"£93,026",323,58.5,"£82,671",227,58.4,"£91,653",481,62.0,"£120,276",343,63.6,"£93,322",213,62.8,"£96,340",311,59.9,"£103,962"
Q2 2014,486,62.8,"£104,276",645,67.1,"£122,036",558,60.3,"£91,970","1,104",63.7,"£95,102",444,54.8,"£100,003",302,59.2,"£83,685",183,62.5,"£98,056",496,64.8,"£125,620",400,64.3,"£94,321",275,63.2,"£96,996",373,60.9,"£105,589"
Q3 2014,471,64.2,"£106,600",702,68.1,"£123,749",552,61.8,"£94,216","1,213",65.3,"£97,479",432,57.2,"£104,286",354,61.7,"£87,249",224,62.0,"£97,246",529,63.9,"£123,961",361,65.4,"£96,013",249,63.1,"£96,868",402,62.9,"£109,125"
Q4 2014,479,64.5,"£107,134",670,69.2,"£125,811",688,63.2,"£96,388","1,194",66.3,"£99,057",501,56.3,"£102,673",344,63.1,"£89,136",238,62.2,"£97,578",537,66.9,"£129,834",444,65.0,"£95,354",300,67.2,"£103,215",458,62.2,"£107,969"
Q1 2015,385,64.8,"£107,595",494,70.0,"£127,289",515,63.7,"£97,158",962,66.7,"£99,621",378,55.5,"£101,205",311,64.2,"£90,699",155,60.6,"£95,057",439,66.1,"£128,271",367,64.7,"£94,920",246,68.5,"£105,179",366,61.9,"£107,360"
Q2 2015,478,67.5,"£112,015",599,70.9,"£128,859",566,65.2,"£99,364","1,096",68.4,"£102,113",401,58.8,"£107,197",342,64.0,"£90,407",189,63.4,"£99,427",554,68.3,"£132,381",430,68.2,"£100,043",278,71.3,"£109,501",356,64.0,"£111,082"
Q3 2015,571,68.5,"£113,641",693,73.0,"£132,602",613,67.3,"£102,656","1,174",71.2,"£106,369",449,61.1,"£111,333",345,66.5,"£93,997",202,67.1,"£105,300",584,69.4,"£134,665",455,67.8,"£99,538",296,71.3,"£109,472",458,66.8,"£115,910"
Q4 2015,542,69.2,"£114,815",672,73.2,"£133,024",683,69.0,"£105,158","1,305",71.3,"£106,529",496,60.8,"£110,842",376,66.2,"£93,591",243,70.7,"£110,837",591,70.5,"£136,719",453,69.2,"£101,597",334,70.7,"£108,583",482,67.4,"£116,968"
Q1 2016,538,68.1,"£112,998",638,72.9,"£132,557",692,69.6,"£106,155","1,250",70.0,"£104,613",594,63.1,"£114,999",382,68.4,"£96,724",241,69.5,"£109,084",576,70.1,"£135,998",472,69.2,"£101,477",334,75.0,"£115,148",438,66.4,"£115,227"
Q2 2016,402,72.2,"£119,860",575,74.3,"£134,994",534,72.0,"£109,747","1,015",75.2,"£112,366",409,63.1,"£115,111",275,69.6,"£98,336",186,69.5,"£109,094",506,73.4,"£142,310",372,72.7,"£106,737",264,73.0,"£112,002",347,68.4,"£118,616"
Q3 2016,570,73.8,"£122,503",716,74.3,"£134,994",644,71.3,"£108,709","1,147",74.9,"£111,957",486,65.0,"£118,436",368,71.6,"£101,240",211,71.3,"£111,766",612,74.1,"£143,647",484,74.3,"£109,039",311,76.0,"£116,718",425,70.5,"£122,378"
Q4 2016,545,73.8,"£122,523",698,74.7,"£135,717",706,72.0,"£109,787","1,150",75.1,"£112,262",516,65.9,"£120,191",356,72.9,"£102,985",243,71.6,"£112,333",621,73.2,"£141,908",442,74.4,"£109,095",345,75.7,"£116,180",466,69.9,"£121,356"
Q1 2017,509,72.9,"£121,026",541,74.7,"£135,760",600,73.6,"£112,234","1,058",73.9,"£110,359",381,66.1,"£120,592",333,73.8,"£104,309",207,70.7,"£110,953",505,72.9,"£141,388",382,72.9,"£107,017",303,75.8,"£116,332",392,71.2,"£123,535"
Q2 2017,634,75.1,"£124,676",709,76.0,"£138,152",686,73.4,"£111,968","1,139",75.7,"£113,149",517,67.2,"£122,492",379,74.2,"£104,921",222,73.6,"£115,507",628,74.6,"£144,659",451,75.3,"£110,416",328,77.4,"£118,887",432,71.7,"£124,432"
Q3 2017,600,75.4,"£125,210",680,77.2,"£140,345",738,73.8,"£112,544","1,286",77.4,"£115,554",612,68.6,"£125,052",409,76.6,"£108,284",275,74.6,"£117,042",678,75.6,"£146,548",478,76.5,"£112,251",326,77.0,"£118,207",465,71.6,"£124,242"
Q4 2017,667,74.4,"£123,434",760,76.6,"£139,228",825,75.2,"£114,645","1,220",77.0,"£114,975",611,69.0,"£125,765",438,79.7,"£112,661",288,75.6,"£118,540",663,75.2,"£145,762",484,77.1,"£113,136",308,79.3,"£121,705",539,73.4,"£127,430"
Q1 2018,443,75.3,"£125,073",588,77.8,"£141,407",611,75.0,"£114,378","1,062",77.6,"£115,963",470,67.6,"£123,275",361,76.8,"£108,516",234,76.0,"£119,136",564,75.8,"£147,063",374,77.3,"£113,453",308,80.9,"£124,246",460,76.0,"£131,900"
Q2 2018,590,76.3,"£126,651",704,78.1,"£142,005",711,75.7,"£115,364","1,148",79.1,"£118,148",529,70.8,"£129,113",411,80.4,"£113,706",249,77.5,"£121,526",593,77.5,"£150,280",458,77.9,"£114,275",306,79.7,"£122,426",502,73.8,"£128,094"
Q3 2018,647,78.4,"£130,201",760,79.5,"£144,543",745,75.5,"£115,068","1,229",81.3,"£121,513",550,72.2,"£131,614",407,81.2,"£114,787",279,77.9,"£122,268",605,78.6,"£152,536",473,79.8,"£117,145",343,80.3,"£123,247",536,77.0,"£133,667"
Q4 2018,647,79.5,"£131,920",751,79.7,"£144,903",759,77.5,"£118,209","1,280",83.0,"£124,027",558,72.9,"£132,956",433,85.5,"£120,852",288,79.2,"£124,295",662,79.3,"£153,822",503,78.9,"£115,778",392,83.0,"£127,354",505,77.9,"£135,160"
Q1 2019,499,78.4,"£130,180",551,78.9,"£143,383",554,78.1,"£119,088",959,81.3,"£121,398",403,73.7,"£134,320",349,82.4,"£116,525",217,79.7,"£125,047",513,78.8,"£152,810",464,78.7,"£115,443",301,81.1,"£124,451",379,77.0,"£133,529"
Q2 2019,564,78.6,"£130,442",676,80.2,"£145,836",719,77.5,"£118,209","1,152",82.0,"£122,559",488,74.0,"£134,940",393,84.1,"£118,828",251,79.0,"£123,881",622,80.6,"£156,249",484,80.0,"£117,383",377,82.4,"£126,452",482,79.6,"£138,156"
Q3 2019,618,81.5,"£135,328",843,82.0,"£149,121",735,80.3,"£122,487","1,254",84.4,"£126,056",552,76.1,"£138,734",442,81.3,"£114,965",274,82.9,"£130,046",661,81.4,"£157,852",549,80.6,"£118,280",369,83.4,"£128,114",478,80.7,"£139,936"
Q4 2019,573,82.0,"£136,173",843,81.6,"£148,374",834,80.2,"£122,260","1,208",83.4,"£124,622",555,76.6,"£139,707",398,86.2,"£121,791",306,82.3,"£129,092",667,81.2,"£157,528",508,81.4,"£119,439",360,83.9,"£128,744",515,80.4,"£139,567"
Q1 2020,493,82.0,"£136,168",558,81.4,"£147,963",638,80.6,"£122,831","1,062",84.8,"£126,664",410,78.6,"£143,332",358,85.6,"£120,962",221,82.4,"£129,246",507,81.9,"£158,744",443,81.0,"£118,843",309,82.6,"£126,758",410,79.9,"£138,638"
Q2 2020,198,82.6,"£137,184",230,80.9,"£147,031",283,81.0,"£123,515",329,85.6,"£127,832",150,75.4,"£137,430",115,86.4,"£122,175",112,81.1,"£127,280",192,83.3,"£161,483",150,81.7,"£119,933",128,81.8,"£125,577",145,80.0,"£138,852"
Q3 2020,418,83.6,"£138,746",622,85.6,"£155,581",631,81.9,"£124,919",960,86.5,"£129,244",486,79.7,"£145,264",372,85.5,"£120,828",212,82.1,"£128,709",529,84.3,"£163,552",435,81.8,"£119,962",282,82.4,"£126,506",373,83.7,"£145,178"
Q4 2020,756,84.9,"£140,998","1,052",86.7,"£157,616",974,83.4,"£127,140","1,566",89.0,"£133,020",730,83.1,"£151,445",496,87.7,"£123,907",337,86.3,"£135,344",833,85.8,"£166,493",686,84.6,"£124,169",420,85.4,"£131,072",638,85.9,"£149,032"
Q1 2021,655,86.5,"£143,619",976,89.9,"£163,437",850,83.1,"£126,678","1,503",90.2,"£134,746",612,82.0,"£149,490",468,90.3,"£127,619",291,85.7,"£134,472",763,86.8,"£168,248",572,84.9,"£124,601",349,87.5,"£134,269",487,85.7,"£148,673"
Q2 2021,727,89.3,"£148,296","1,023",91.4,"£166,168",823,87.6,"£133,534","1,589",92.4,"£138,034",677,88.2,"£160,737",448,91.0,"£128,640",317,88.5,"£138,840",852,89.2,"£172,929",629,89.7,"£131,619",375,88.5,"£135,925",506,89.7,"£155,673"
Q3 2021,763,91.5,"£151,947","1,001",94.0,"£170,864",987,91.5,"£139,494","1,626",94.9,"£141,823",647,90.3,"£164,556",512,96.9,"£136,976",345,90.8,"£142,462",901,90.2,"£174,858",706,90.6,"£132,977",406,93.0,"£142,720",593,94.0,"£163,127"
Q4 2021,603,91.8,"£152,367",752,93.7,"£170,265",853,90.6,"£138,158","1,322",93.5,"£139,649",463,90.5,"£165,005",444,97.5,"£137,852",286,93.8,"£147,210",643,91.2,"£176,848",505,91.8,"£134,732",419,93.0,"£142,845",505,93.8,"£162,665"
Q1 2022,506,93.6,"£155,408",692,97.5,"£177,164",621,94.3,"£143,748","1,281",96.3,"£143,891",390,93.4,"£170,308",416,98.9,"£139,792",255,95.5,"£149,770",563,92.9,"£180,250",417,94.8,"£139,087",290,97.1,"£149,069",433,96.6,"£167,615"
Q2 2022,559,98.2,"£163,062",750,102.6,"£186,425",752,97.5,"£148,616","1,179",98.7,"£147,392",417,97.3,"£177,324",379,101.7,"£143,821",230,97.0,"£152,206",574,96.1,"£186,356",515,96.2,"£141,103",308,99.2,"£152,344",449,99.9,"£173,368"
Q3 2022,582,101.5,"£168,550",804,103.5,"£188,033",759,101.6,"£154,903","1,349",103.4,"£154,405",464,101.1,"£184,398",438,105.1,"£148,628",266,100.5,"£157,699",617,101.4,"£196,605",507,99.5,"£145,974",349,103.1,"£158,235",449,104.9,"£182,088"
Q4 2022,676,101.4,"£168,309",724,105.5,"£191,758",808,100.9,"£153,818","1,225",101.6,"£151,785",534,100.1,"£182,570",438,103.2,"£145,884",312,102.0,"£159,939",607,102.1,"£198,075",520,100.6,"£147,536",371,102.6,"£157,485",546,101.8,"£176,670"
Q1 2023,459,100.0,"£165,990",528,100.0,"£181,762",571,100.0,"£152,453","1,074",100.0,"£149,391",358,100.0,"£182,320",367,100.0,"£141,358",249,100.0,"£156,857",449,100.0,"£193,943",396,100.0,"£146,720",256,100.0,"£153,524",345,100.0,"£173,509"
Q2 2023,482,100.5,"£166,865",602,104.7,"£190,348",622,99.4,"£151,527","1,013",99.7,"£148,990",454,100.2,"£182,748",315,107.7,"£152,237",238,100.9,"£158,198",417,100.2,"£194,252",427,99.5,"£145,996",261,103.1,"£158,208",399,102.2,"£177,401"
Q3 2023,553,104.5,"£173,472",693,103.8,"£188,602",695,104.9,"£159,979","1,248",104.8,"£156,540",466,100.8,"£183,701",339,110.6,"£156,296",262,102.1,"£160,178",575,102.6,"£199,079",445,103.2,"£151,400",317,106.3,"£163,244",410,106.3,"£184,410"
Q4 2023,574,103.3,"£171,530",658,105.2,"£191,224",645,103.2,"£157,316","1,104",102.6,"£153,230",401,100.8,"£183,833",382,107.8,"£152,344",272,102.4,"£160,683",491,100.9,"£195,762",483,104.1,"£152,744",308,105.6,"£162,154",438,104.8,"£181,785"
Q1 2024,451,104.5,"£173,461",531,109.0,"£198,050",576,104.4,"£159,155",922,103.7,"£154,921",346,96.0,"£174,950",319,106.3,"£150,260",243,103.4,"£162,129",454,103.7,"£201,189",379,102.2,"£149,897",291,107.2,"£164,566",341,103.1,"£178,892"
Q2 2024,511,107.6,"£178,688",674,110.3,"£200,570",597,107.6,"£164,037","1,113",106.0,"£158,406",412,107.1,"£195,302",377,110.7,"£156,550",246,108.8,"£170,721",511,106.3,"£206,097",448,106.6,"£156,456",254,109.0,"£167,404",374,110.6,"£191,930"
Q3 2024,631,111.0,"£184,171",755,112.9,"£205,228",707,110.6,"£168,587","1,264",112.0,"£167,277",495,108.6,"£197,983",386,114.5,"£161,870",251,110.7,"£173,637",649,109.8,"£212,871",499,109.0,"£159,858",317,110.0,"£168,895",501,110.3,"£191,310"
Q4 2024,613,112.3,"£186,384",818,113.9,"£206,955",761,109.8,"£167,323","1,260",113.3,"£169,319",482,108.3,"£197,470",417,118.1,"£166,877",327,112.8,"£176,958",679,112.3,"£217,805",542,109.2,"£160,291",377,111.3,"£170,922",528,112.1,"£194,542"
Q1 2025,599,114.3,"£189,792",838,115.2,"£209,356",716,111.4,"£169,841","1,341",113.8,"£170,049",507,109.7,"£200,077",378,119.0,"£168,266",254,111.9,"£175,572",657,113.9,"£220,885",470,112.1,"£164,536",306,112.1,"£172,069",457,112.9,"£195,811"
Q2 2025,437,114.1,"£189,474",590,116.4,"£211,661",558,112.7,"£171,852",905,114.7,"£171,396",359,108.9,"£198,621",318,119.6,"£169,074",182,116.1,"£182,143",470,112.7,"£218,591",379,111.7,"£163,884",253,115.7,"£177,671",312,112.2,"£194,656"
Q3 2025,530,118.2,"£196,263",738,122.6,"£222,919",670,115.0,"£175,275","1,159",118.9,"£177,609",454,113.7,"£207,248",315,129.4,"£182,910",203,120.1,"£188,403",515,116.7,"£226,312",458,116.4,"£170,739",283,122.3,"£187,740",443,119.2,"£206,893"
