County,Year,Quarter,Period,transaction_count,avg_price,Inflation_Rate,real_avg_price
Antrim and Newtownabbey,2010,1,2010 Q1,217.0,148341.74,3.28,143630.65
Antrim and Newtownabbey,2010,2,2010 Q2,245.0,152846.09,3.46,147734.48
Antrim and Newtownabbey,2010,3,2010 Q3,269.0,156920.99,3.09,152217.47
Antrim and Newtownabbey,2010,4,2010 Q4,270.0,138840.47,3.38,134301.09
Antrim and Newtownabbey,2011,1,2011 Q1,205.0,134269.2,4.12,128956.2
Antrim and Newtownabbey,2011,2,2011 Q2,224.0,131161.5,4.38,125657.69
Antrim and Newtownabbey,2011,3,2011 Q3,283.0,132028.32,4.71,126089.5
Antrim and Newtownabbey,2011,4,2011 Q4,252.0,125074.49,4.65,119516.95
Antrim and Newtownabbey,2012,1,2012 Q1,317.0,121151.57,3.49,117065.97
Antrim and Newtownabbey,2012,2,2012 Q2,275.0,125496.51,2.76,122125.84
Antrim and Newtownabbey,2012,3,2012 Q3,304.0,127982.4,2.41,124970.61
Antrim and Newtownabbey,2012,4,2012 Q4,343.0,122768.78,2.67,119576.1
Antrim and Newtownabbey,2013,1,2013 Q1,291.0,112434.74,2.78,109393.6
Antrim and Newtownabbey,2013,2,2013 Q2,330.0,114803.22,2.68,111806.8
Antrim and Newtownabbey,2013,3,2013 Q3,359.0,115157.55,2.71,112119.12
Antrim and Newtownabbey,2013,4,2013 Q4,383.0,118065.32,2.1,115636.94
Antrim and Newtownabbey,2014,1,2014 Q1,404.0,122075.21,1.74,119987.43
Antrim and Newtownabbey,2014,2,2014 Q2,486.0,128030.07,1.72,125865.19
Antrim and Newtownabbey,2014,3,2014 Q3,471.0,134305.34,1.46,132372.7
Antrim and Newtownabbey,2014,4,2014 Q4,479.0,135749.49,0.94,134485.33
Antrim and Newtownabbey,2015,1,2015 Q1,385.0,144855.15,0.1,144710.44
Antrim and Newtownabbey,2015,2,2015 Q2,478.0,155286.39,-0.02,155317.45
Antrim and Newtownabbey,2015,3,2015 Q3,571.0,158381.46,0.01,158365.62
Antrim and Newtownabbey,2015,4,2015 Q4,542.0,159156.55,0.07,159045.22
Antrim and Newtownabbey,2016,1,2016 Q1,538.0,146682.7,0.35,146171.1
Antrim and Newtownabbey,2016,2,2016 Q2,402.0,152246.17,0.35,151715.17
Antrim and Newtownabbey,2016,3,2016 Q3,570.0,144100.28,0.73,143055.97
Antrim and Newtownabbey,2016,4,2016 Q4,545.0,141085.23,1.21,139398.51
Antrim and Newtownabbey,2017,1,2017 Q1,509.0,140716.93,2.14,137768.68
Antrim and Newtownabbey,2017,2,2017 Q2,634.0,144885.98,2.74,141021.98
Antrim and Newtownabbey,2017,3,2017 Q3,600.0,139534.02,2.82,135707.08
Antrim and Newtownabbey,2017,4,2017 Q4,667.0,139097.77,3.02,135020.16
Antrim and Newtownabbey,2018,1,2018 Q1,443.0,141632.67,2.72,137882.27
Antrim and Newtownabbey,2018,2,2018 Q2,590.0,144597.45,2.42,141180.87
Antrim and Newtownabbey,2018,3,2018 Q3,647.0,145916.26,2.52,142329.56
Antrim and Newtownabbey,2018,4,2018 Q4,647.0,148739.8,2.27,145438.35
Antrim and Newtownabbey,2019,1,2019 Q1,499.0,149342.5,1.88,146586.67
Antrim and Newtownabbey,2019,2,2019 Q2,564.0,149173.47,2.05,146176.84
Antrim and Newtownabbey,2019,3,2019 Q3,618.0,150065.22,1.83,147368.38
Antrim and Newtownabbey,2019,4,2019 Q4,573.0,158287.5,1.41,156086.68
Antrim and Newtownabbey,2020,1,2020 Q1,493.0,158091.05,1.67,155494.3
Antrim and Newtownabbey,2020,2,2020 Q2,198.0,154565.21,0.62,153612.81
Antrim and Newtownabbey,2020,3,2020 Q3,418.0,153300.46,0.6,152386.14
Antrim and Newtownabbey,2020,4,2020 Q4,756.0,156183.48,0.53,155360.07
Antrim and Newtownabbey,2021,1,2021 Q1,655.0,164443.76,0.61,163446.73
Antrim and Newtownabbey,2021,2,2021 Q2,727.0,171993.7,2.05,168538.66
Antrim and Newtownabbey,2021,3,2021 Q3,763.0,177641.24,2.77,172853.21
Antrim and Newtownabbey,2021,4,2021 Q4,603.0,179625.46,4.91,171218.63
Antrim and Newtownabbey,2022,1,2022 Q1,506.0,185774.72,6.22,174896.18
Antrim and Newtownabbey,2022,2,2022 Q2,559.0,192168.57,9.17,176026.9
Antrim and Newtownabbey,2022,3,2022 Q3,582.0,197001.24,10.02,179059.48
Antrim and Newtownabbey,2022,4,2022 Q4,676.0,193622.67,10.75,174828.6
Antrim and Newtownabbey,2023,1,2023 Q1,459.0,187983.68,10.18,170615.07
Antrim and Newtownabbey,2023,2,2023 Q2,482.0,192011.56,8.43,177083.43
Antrim and Newtownabbey,2023,3,2023 Q3,553.0,201799.98,6.71,189110.66
Antrim and Newtownabbey,2023,4,2023 Q4,574.0,197894.16,4.18,189954.08
Antrim and Newtownabbey,2024,1,2024 Q1,451.0,202637.14,3.54,195709.04
Antrim and Newtownabbey,2024,2,2024 Q2,511.0,209440.2,2.1,205132.42
Antrim and Newtownabbey,2024,3,2024 Q3,631.0,217966.38,2.04,213608.76
Antrim and Newtownabbey,2024,4,2024 Q4,613.0,223921.74,2.47,218524.19
Antrim and Newtownabbey,2025,1,2025 Q1,599.0,227086.13,2.8,220900.9
Antrim and Newtownabbey,2025,2,2025 Q2,437.0,223124.58,3.49,215600.14
Antrim and Newtownabbey,2025,3,2025 Q3,530.0,226448.25,3.8,218158.24
Ards and North Down,2010,1,2010 Q1,286.0,177829.33,3.28,172181.77
Ards and North Down,2010,2,2010 Q2,269.0,184800.28,3.46,178620.03
Ards and North Down,2010,3,2010 Q3,286.0,187333.11,3.09,181718.02
Ards and North Down,2010,4,2010 Q4,305.0,168091.6,3.38,162595.86
Ards and North Down,2011,1,2011 Q1,235.0,161564.04,4.12,155171.0
Ards and North Down,2011,2,2011 Q2,294.0,149338.88,4.38,143072.31
Ards and North Down,2011,3,2011 Q3,357.0,149930.6,4.71,143186.52
Ards and North Down,2011,4,2011 Q4,342.0,155207.43,4.65,148310.97
Ards and North Down,2012,1,2012 Q1,359.0,145515.88,3.49,140608.64
Ards and North Down,2012,2,2012 Q2,315.0,147345.39,2.76,143387.88
Ards and North Down,2012,3,2012 Q3,411.0,150822.86,2.41,147273.57
Ards and North Down,2012,4,2012 Q4,424.0,145005.49,2.67,141234.53
Ards and North Down,2013,1,2013 Q1,420.0,132924.96,2.78,129329.6
Ards and North Down,2013,2,2013 Q2,466.0,134696.72,2.68,131181.07
Ards and North Down,2013,3,2013 Q3,491.0,135750.75,2.71,132168.97
Ards and North Down,2013,4,2013 Q4,633.0,139526.77,2.1,136656.97
Ards and North Down,2014,1,2014 Q1,565.0,144543.35,1.74,142071.31
Ards and North Down,2014,2,2014 Q2,645.0,149835.8,1.72,147302.2
Ards and North Down,2014,3,2014 Q3,702.0,155911.37,1.46,153667.82
Ards and North Down,2014,4,2014 Q4,670.0,159415.12,0.94,157930.57
Ards and North Down,2015,1,2015 Q1,494.0,171369.18,0.1,171197.98
Ards and North Down,2015,2,2015 Q2,599.0,178637.23,-0.02,178672.96
Ards and North Down,2015,3,2015 Q3,693.0,184807.41,0.01,184788.93
Ards and North Down,2015,4,2015 Q4,672.0,184397.87,0.07,184268.88
Ards and North Down,2016,1,2016 Q1,638.0,172072.24,0.35,171472.09
Ards and North Down,2016,2,2016 Q2,575.0,171469.38,0.35,170871.33
Ards and North Down,2016,3,2016 Q3,716.0,158793.44,0.73,157642.65
Ards and North Down,2016,4,2016 Q4,698.0,156278.13,1.21,154409.77
Ards and North Down,2017,1,2017 Q1,541.0,157848.15,2.14,154540.97
Ards and North Down,2017,2,2017 Q2,709.0,160546.44,2.74,156264.78
Ards and North Down,2017,3,2017 Q3,680.0,156400.47,2.82,152110.94
Ards and North Down,2017,4,2017 Q4,760.0,156896.03,3.02,152296.67
Ards and North Down,2018,1,2018 Q1,588.0,160129.29,2.72,155889.11
Ards and North Down,2018,2,2018 Q2,704.0,162127.11,2.42,158296.34
Ards and North Down,2018,3,2018 Q3,760.0,161989.34,2.52,158007.55
Ards and North Down,2018,4,2018 Q4,751.0,163378.13,2.27,159751.76
Ards and North Down,2019,1,2019 Q1,551.0,164488.98,1.88,161453.65
Ards and North Down,2019,2,2019 Q2,676.0,166778.05,2.05,163427.78
Ards and North Down,2019,3,2019 Q3,843.0,165360.28,1.83,162388.57
Ards and North Down,2019,4,2019 Q4,843.0,172469.94,1.41,170071.93
Ards and North Down,2020,1,2020 Q1,558.0,171785.04,1.67,168963.35
Ards and North Down,2020,2,2020 Q2,230.0,165659.83,0.62,164639.07
Ards and North Down,2020,3,2020 Q3,622.0,171901.45,0.6,170876.19
Ards and North Down,2020,4,2020 Q4,0.0,174591.24,0.53,173670.78
Ards and North Down,2021,1,2021 Q1,976.0,187135.36,0.61,186000.76
Ards and North Down,2021,2,2021 Q2,0.0,192721.65,2.05,188850.22
Ards and North Down,2021,3,2021 Q3,0.0,199757.1,2.77,194372.97
Ards and North Down,2021,4,2021 Q4,752.0,200725.41,4.91,191331.06
Ards and North Down,2022,1,2022 Q1,692.0,211781.85,6.22,199380.39
Ards and North Down,2022,2,2022 Q2,750.0,219701.86,9.17,201247.47
Ards and North Down,2022,3,2022 Q3,804.0,219772.97,10.02,199757.29
Ards and North Down,2022,4,2022 Q4,724.0,220598.4,10.75,199185.91
Ards and North Down,2023,1,2023 Q1,528.0,205845.47,10.18,186826.53
Ards and North Down,2023,2,2023 Q2,602.0,219033.44,8.43,202004.46
Ards and North Down,2023,3,2023 Q3,693.0,219400.71,6.71,205604.64
Ards and North Down,2023,4,2023 Q4,658.0,220615.13,4.18,211763.42
Ards and North Down,2024,1,2024 Q1,531.0,231362.01,3.54,223451.82
Ards and North Down,2024,2,2024 Q2,674.0,235088.1,2.1,230252.79
Ards and North Down,2024,3,2024 Q3,755.0,242887.34,2.04,238031.5
Ards and North Down,2024,4,2024 Q4,818.0,248635.74,2.47,242642.47
Ards and North Down,2025,1,2025 Q1,838.0,250494.45,2.8,243671.64
Ards and North Down,2025,2,2025 Q2,590.0,249251.99,3.49,240846.45
Ards and North Down,2025,3,2025 Q3,738.0,257203.94,3.8,247788.0
"Armagh City, Banbridge and Craigavon",2010,1,2010 Q1,261.0,133758.52,3.28,129510.57
"Armagh City, Banbridge and Craigavon",2010,2,2010 Q2,298.0,134648.81,3.46,130145.77
"Armagh City, Banbridge and Craigavon",2010,3,2010 Q3,224.0,138581.83,3.09,134428.0
"Armagh City, Banbridge and Craigavon",2010,4,2010 Q4,299.0,129146.34,3.38,124923.91
"Armagh City, Banbridge and Craigavon",2011,1,2011 Q1,254.0,125316.91,4.12,120358.15
"Armagh City, Banbridge and Craigavon",2011,2,2011 Q2,288.0,112749.61,4.38,108018.4
"Armagh City, Banbridge and Craigavon",2011,3,2011 Q3,347.0,115894.49,4.71,110681.4
"Armagh City, Banbridge and Craigavon",2011,4,2011 Q4,327.0,112753.37,4.65,107743.31
"Armagh City, Banbridge and Craigavon",2012,1,2012 Q1,337.0,111096.16,3.49,107349.66
"Armagh City, Banbridge and Craigavon",2012,2,2012 Q2,343.0,113590.72,2.76,110539.82
"Armagh City, Banbridge and Craigavon",2012,3,2012 Q3,398.0,108061.42,2.41,105518.43
"Armagh City, Banbridge and Craigavon",2012,4,2012 Q4,441.0,103178.53,2.67,100495.31
"Armagh City, Banbridge and Craigavon",2013,1,2013 Q1,373.0,98642.59,2.78,95974.5
"Armagh City, Banbridge and Craigavon",2013,2,2013 Q2,407.0,100537.31,2.68,97913.24
"Armagh City, Banbridge and Craigavon",2013,3,2013 Q3,434.0,100981.5,2.71,98317.11
"Armagh City, Banbridge and Craigavon",2013,4,2013 Q4,564.0,106341.78,2.1,104154.53
"Armagh City, Banbridge and Craigavon",2014,1,2014 Q1,437.0,108859.57,1.74,106997.81
"Armagh City, Banbridge and Craigavon",2014,2,2014 Q2,558.0,112920.77,1.72,111011.37
"Armagh City, Banbridge and Craigavon",2014,3,2014 Q3,552.0,118702.74,1.46,116994.62
"Armagh City, Banbridge and Craigavon",2014,4,2014 Q4,688.0,122133.23,0.94,120995.87
"Armagh City, Banbridge and Craigavon",2015,1,2015 Q1,515.0,130803.82,0.1,130673.15
"Armagh City, Banbridge and Craigavon",2015,2,2015 Q2,566.0,137748.31,-0.02,137775.87
"Armagh City, Banbridge and Craigavon",2015,3,2015 Q3,613.0,143071.67,0.01,143057.36
"Armagh City, Banbridge and Craigavon",2015,4,2015 Q4,683.0,145770.02,0.07,145668.05
"Armagh City, Banbridge and Craigavon",2016,1,2016 Q1,692.0,137799.81,0.35,137319.19
"Armagh City, Banbridge and Craigavon",2016,2,2016 Q2,534.0,139400.64,0.35,138914.44
"Armagh City, Banbridge and Craigavon",2016,3,2016 Q3,644.0,127874.4,0.73,126947.68
"Armagh City, Banbridge and Craigavon",2016,4,2016 Q4,706.0,126419.73,1.21,124908.34
"Armagh City, Banbridge and Craigavon",2017,1,2017 Q1,600.0,130494.47,2.14,127760.4
"Armagh City, Banbridge and Craigavon",2017,2,2017 Q2,686.0,130118.01,2.74,126647.86
"Armagh City, Banbridge and Craigavon",2017,3,2017 Q3,738.0,125419.03,2.82,121979.22
"Armagh City, Banbridge and Craigavon",2017,4,2017 Q4,825.0,129193.45,3.02,125406.18
"Armagh City, Banbridge and Craigavon",2018,1,2018 Q1,611.0,129521.65,2.72,126091.95
"Armagh City, Banbridge and Craigavon",2018,2,2018 Q2,711.0,131711.08,2.42,128598.98
"Armagh City, Banbridge and Craigavon",2018,3,2018 Q3,745.0,128956.71,2.52,125786.88
"Armagh City, Banbridge and Craigavon",2018,4,2018 Q4,759.0,133280.65,2.27,130322.33
"Armagh City, Banbridge and Craigavon",2019,1,2019 Q1,554.0,136617.75,1.88,134096.73
"Armagh City, Banbridge and Craigavon",2019,2,2019 Q2,719.0,135183.81,2.05,132468.21
"Armagh City, Banbridge and Craigavon",2019,3,2019 Q3,735.0,135825.83,1.83,133384.89
"Armagh City, Banbridge and Craigavon",2019,4,2019 Q4,834.0,142115.02,1.41,140139.06
"Armagh City, Banbridge and Craigavon",2020,1,2020 Q1,638.0,142606.79,1.67,140264.37
"Armagh City, Banbridge and Craigavon",2020,2,2020 Q2,283.0,139164.35,0.62,138306.85
"Armagh City, Banbridge and Craigavon",2020,3,2020 Q3,631.0,138023.0,0.6,137199.8
"Armagh City, Banbridge and Craigavon",2020,4,2020 Q4,974.0,140832.98,0.53,140090.5
"Armagh City, Banbridge and Craigavon",2021,1,2021 Q1,850.0,145046.31,0.61,144166.89
"Armagh City, Banbridge and Craigavon",2021,2,2021 Q2,823.0,154872.73,2.05,151761.62
"Armagh City, Banbridge and Craigavon",2021,3,2021 Q3,987.0,163082.44,2.77,158686.82
"Armagh City, Banbridge and Craigavon",2021,4,2021 Q4,853.0,162874.47,4.91,155251.62
"Armagh City, Banbridge and Craigavon",2022,1,2022 Q1,621.0,171836.36,6.22,161774.02
"Armagh City, Banbridge and Craigavon",2022,2,2022 Q2,752.0,175143.96,9.17,160432.32
"Armagh City, Banbridge and Craigavon",2022,3,2022 Q3,759.0,181050.63,10.02,164561.56
"Armagh City, Banbridge and Craigavon",2022,4,2022 Q4,808.0,176952.23,10.75,159776.28
"Armagh City, Banbridge and Craigavon",2023,1,2023 Q1,571.0,172653.02,10.18,156700.87
"Armagh City, Banbridge and Craigavon",2023,2,2023 Q2,622.0,174362.12,8.43,160806.16
"Armagh City, Banbridge and Craigavon",2023,3,2023 Q3,695.0,186103.57,6.71,174401.25
"Armagh City, Banbridge and Craigavon",2023,4,2023 Q4,645.0,181495.47,4.18,174213.35
"Armagh City, Banbridge and Craigavon",2024,1,2024 Q1,576.0,185924.87,3.54,179568.16
"Armagh City, Banbridge and Craigavon",2024,2,2024 Q2,597.0,192267.77,2.1,188313.19
"Armagh City, Banbridge and Craigavon",2024,3,2024 Q3,707.0,199522.71,2.04,195533.82
"Armagh City, Banbridge and Craigavon",2024,4,2024 Q4,761.0,201021.85,2.47,196176.3
"Armagh City, Banbridge and Craigavon",2025,1,2025 Q1,716.0,203214.76,2.8,197679.73
"Armagh City, Banbridge and Craigavon",2025,2,2025 Q2,558.0,202372.92,3.49,195548.28
"Armagh City, Banbridge and Craigavon",2025,3,2025 Q3,670.0,202232.3,3.8,194828.81
Belfast,2010,1,2010 Q1,599.0,136522.81,3.28,132187.07
Belfast,2010,2,2010 Q2,604.0,140400.14,3.46,135704.76
Belfast,2010,3,2010 Q3,534.0,138804.94,3.09,134644.43
Belfast,2010,4,2010 Q4,606.0,124298.7,3.38,120234.76
Belfast,2011,1,2011 Q1,585.0,118103.55,4.12,113430.22
Belfast,2011,2,2011 Q2,573.0,114613.23,4.38,109803.82
Belfast,2011,3,2011 Q3,677.0,114030.26,4.71,108901.02
Belfast,2011,4,2011 Q4,714.0,112832.65,4.65,107819.06
Belfast,2012,1,2012 Q1,744.0,105676.54,3.49,102112.8
Belfast,2012,2,2012 Q2,700.0,110886.15,2.76,107907.89
Belfast,2012,3,2012 Q3,788.0,111694.67,2.41,109066.18
Belfast,2012,4,2012 Q4,797.0,105563.69,2.67,102818.44
Belfast,2013,1,2013 Q1,729.0,97353.51,2.78,94720.29
Belfast,2013,2,2013 Q2,816.0,100465.6,2.68,97843.4
Belfast,2013,3,2013 Q3,907.0,103519.79,2.71,100788.42
Belfast,2013,4,2013 Q4,0.0,107145.55,2.1,104941.77
Belfast,2014,1,2014 Q1,994.0,109558.95,1.74,107685.23
Belfast,2014,2,2014 Q2,0.0,116766.24,1.72,114791.82
Belfast,2014,3,2014 Q3,0.0,122813.79,1.46,121046.51
Belfast,2014,4,2014 Q4,0.0,125515.12,0.94,124346.27
Belfast,2015,1,2015 Q1,962.0,134119.75,0.1,133985.76
Belfast,2015,2,2015 Q2,0.0,141559.25,-0.02,141587.57
Belfast,2015,3,2015 Q3,0.0,148246.48,0.01,148231.66
Belfast,2015,4,2015 Q4,0.0,147670.5,0.07,147567.2
Belfast,2016,1,2016 Q1,0.0,135798.14,0.35,135324.5
Belfast,2016,2,2016 Q2,0.0,142727.29,0.35,142229.49
Belfast,2016,3,2016 Q3,0.0,131695.02,0.73,130740.61
Belfast,2016,4,2016 Q4,0.0,129269.69,1.21,127724.23
Belfast,2017,1,2017 Q1,0.0,128314.41,2.14,125626.01
Belfast,2017,2,2017 Q2,0.0,131490.45,2.74,127983.7
Belfast,2017,3,2017 Q3,0.0,128773.38,2.82,125241.57
Belfast,2017,4,2017 Q4,0.0,129565.33,3.02,125767.16
Belfast,2018,1,2018 Q1,0.0,131316.5,2.72,127839.27
Belfast,2018,2,2018 Q2,0.0,134889.57,2.42,131702.37
Belfast,2018,3,2018 Q3,0.0,136179.62,2.52,132832.25
Belfast,2018,4,2018 Q4,0.0,139840.44,2.27,136736.52
Belfast,2019,1,2019 Q1,959.0,139267.79,1.88,136697.87
Belfast,2019,2,2019 Q2,0.0,140158.47,2.05,137342.94
Belfast,2019,3,2019 Q3,0.0,139783.5,1.83,137271.43
Belfast,2019,4,2019 Q4,0.0,144860.61,1.41,142846.47
Belfast,2020,1,2020 Q1,0.0,147056.9,1.67,144641.39
Belfast,2020,2,2020 Q2,329.0,144028.31,0.62,143140.84
Belfast,2020,3,2020 Q3,960.0,142801.7,0.6,141950.0
Belfast,2020,4,2020 Q4,0.0,147346.25,0.53,146569.43
Belfast,2021,1,2021 Q1,0.0,154284.17,0.61,153348.74
Belfast,2021,2,2021 Q2,0.0,160091.83,2.05,156875.87
Belfast,2021,3,2021 Q3,0.0,165805.27,2.77,161336.26
Belfast,2021,4,2021 Q4,0.0,164632.21,4.91,156927.09
Belfast,2022,1,2022 Q1,0.0,172007.3,6.22,161934.95
Belfast,2022,2,2022 Q2,0.0,173701.47,9.17,159110.99
Belfast,2022,3,2022 Q3,0.0,180468.56,10.02,164032.5
Belfast,2022,4,2022 Q4,0.0,174613.46,10.75,157664.52
Belfast,2023,1,2023 Q1,0.0,169185.31,10.18,153553.56
Belfast,2023,2,2023 Q2,0.0,171442.79,8.43,158113.8
Belfast,2023,3,2023 Q3,0.0,182102.98,6.71,170652.22
Belfast,2023,4,2023 Q4,0.0,176781.45,4.18,169688.47
Belfast,2024,1,2024 Q1,922.0,180978.71,3.54,174791.1
Belfast,2024,2,2024 Q2,0.0,185667.67,2.1,181848.84
Belfast,2024,3,2024 Q3,0.0,197972.33,2.04,194014.44
Belfast,2024,4,2024 Q4,0.0,203419.85,2.47,198516.49
Belfast,2025,1,2025 Q1,0.0,203463.63,2.8,197921.82
Belfast,2025,2,2025 Q2,905.0,201835.93,3.49,195029.4
Belfast,2025,3,2025 Q3,0.0,204925.26,3.8,197423.18
Causeway Coast and Glens,2010,1,2010 Q1,191.0,143542.27,3.28,138983.61
Causeway Coast and Glens,2010,2,2010 Q2,210.0,153271.33,3.46,148145.5
Causeway Coast and Glens,2010,3,2010 Q3,400.0,144217.08,3.09,139894.34
Causeway Coast and Glens,2010,4,2010 Q4,249.0,144280.54,3.38,139563.3
Causeway Coast and Glens,2011,1,2011 Q1,189.0,140319.76,4.12,134767.35
Causeway Coast and Glens,2011,2,2011 Q2,201.0,129018.05,4.38,123604.19
Causeway Coast and Glens,2011,3,2011 Q3,273.0,122237.42,4.71,116739.01
Causeway Coast and Glens,2011,4,2011 Q4,236.0,128325.3,4.65,122623.32
Causeway Coast and Glens,2012,1,2012 Q1,215.0,118795.32,3.49,114789.18
Causeway Coast and Glens,2012,2,2012 Q2,236.0,126266.78,2.76,122875.42
Causeway Coast and Glens,2012,3,2012 Q3,277.0,121520.62,2.41,118660.89
Causeway Coast and Glens,2012,4,2012 Q4,279.0,117709.92,2.67,114648.8
Causeway Coast and Glens,2013,1,2013 Q1,280.0,109343.06,2.78,106385.54
Causeway Coast and Glens,2013,2,2013 Q2,335.0,110508.75,2.68,107624.42
Causeway Coast and Glens,2013,3,2013 Q3,308.0,112215.33,2.71,109254.53
Causeway Coast and Glens,2013,4,2013 Q4,408.0,114599.39,2.1,112242.3
Causeway Coast and Glens,2014,1,2014 Q1,335.0,112366.11,1.74,110444.38
Causeway Coast and Glens,2014,2,2014 Q2,444.0,122783.68,1.72,120707.51
Causeway Coast and Glens,2014,3,2014 Q3,432.0,131389.93,1.46,129499.24
Causeway Coast and Glens,2014,4,2014 Q4,501.0,130096.96,0.94,128885.44
Causeway Coast and Glens,2015,1,2015 Q1,378.0,136252.29,0.1,136116.17
Causeway Coast and Glens,2015,2,2015 Q2,401.0,148607.2,-0.02,148636.93
Causeway Coast and Glens,2015,3,2015 Q3,449.0,155164.8,0.01,155149.29
Causeway Coast and Glens,2015,4,2015 Q4,496.0,153649.18,0.07,153541.7
Causeway Coast and Glens,2016,1,2016 Q1,594.0,149280.2,0.35,148759.54
Causeway Coast and Glens,2016,2,2016 Q2,409.0,146213.99,0.35,145704.03
Causeway Coast and Glens,2016,3,2016 Q3,486.0,139316.27,0.73,138306.63
Causeway Coast and Glens,2016,4,2016 Q4,516.0,138399.94,1.21,136745.32
Causeway Coast and Glens,2017,1,2017 Q1,381.0,140212.32,2.14,137274.64
Causeway Coast and Glens,2017,2,2017 Q2,517.0,142347.95,2.74,138551.64
Causeway Coast and Glens,2017,3,2017 Q3,612.0,139357.95,2.82,135535.84
Causeway Coast and Glens,2017,4,2017 Q4,611.0,141724.58,3.02,137569.97
Causeway Coast and Glens,2018,1,2018 Q1,470.0,139596.61,2.72,135900.13
Causeway Coast and Glens,2018,2,2018 Q2,529.0,147408.31,2.42,143925.32
Causeway Coast and Glens,2018,3,2018 Q3,550.0,147499.81,2.52,143874.18
Causeway Coast and Glens,2018,4,2018 Q4,558.0,149907.89,2.27,146580.51
Causeway Coast and Glens,2019,1,2019 Q1,403.0,154091.9,1.88,151248.43
Causeway Coast and Glens,2019,2,2019 Q2,488.0,154317.38,2.05,151217.42
Causeway Coast and Glens,2019,3,2019 Q3,552.0,153842.13,1.83,151077.41
Causeway Coast and Glens,2019,4,2019 Q4,555.0,162395.42,1.41,160137.48
Causeway Coast and Glens,2020,1,2020 Q1,410.0,166408.45,1.67,163675.08
Causeway Coast and Glens,2020,2,2020 Q2,150.0,154842.38,0.62,153888.27
Causeway Coast and Glens,2020,3,2020 Q3,486.0,160502.19,0.6,159544.92
Causeway Coast and Glens,2020,4,2020 Q4,730.0,167755.63,0.53,166871.21
Causeway Coast and Glens,2021,1,2021 Q1,612.0,171166.05,0.61,170128.27
Causeway Coast and Glens,2021,2,2021 Q2,677.0,186422.77,2.05,182677.87
Causeway Coast and Glens,2021,3,2021 Q3,647.0,192382.42,2.77,187197.06
Causeway Coast and Glens,2021,4,2021 Q4,463.0,194524.39,4.91,185420.26
Causeway Coast and Glens,2022,1,2022 Q1,390.0,203586.18,6.22,191664.64
Causeway Coast and Glens,2022,2,2022 Q2,417.0,208976.33,9.17,191422.85
Causeway Coast and Glens,2022,3,2022 Q3,464.0,215524.38,10.02,195895.64
Causeway Coast and Glens,2022,4,2022 Q4,534.0,210028.53,10.75,189642.01
Causeway Coast and Glens,2023,1,2023 Q1,358.0,206477.4,10.18,187400.07
Causeway Coast and Glens,2023,2,2023 Q2,454.0,210288.12,8.43,193939.06
Causeway Coast and Glens,2023,3,2023 Q3,466.0,213699.37,6.71,200261.8
Causeway Coast and Glens,2023,4,2023 Q4,401.0,212088.13,4.18,203578.55
Causeway Coast and Glens,2024,1,2024 Q1,346.0,204376.59,3.54,197389.02
Causeway Coast and Glens,2024,2,2024 Q2,412.0,228913.47,2.1,224205.16
Causeway Coast and Glens,2024,3,2024 Q3,495.0,234312.88,2.04,229628.46
Causeway Coast and Glens,2024,4,2024 Q4,482.0,237240.46,2.47,231521.87
Causeway Coast and Glens,2025,1,2025 Q1,507.0,239392.13,2.8,232871.72
Causeway Coast and Glens,2025,2,2025 Q2,359.0,233896.09,3.49,226008.4
Causeway Coast and Glens,2025,3,2025 Q3,454.0,239122.74,3.8,230368.73
Derry City and Strabane,2010,1,2010 Q1,137.0,128634.51,3.28,124549.29
Derry City and Strabane,2010,2,2010 Q2,178.0,125699.95,3.46,121496.18
Derry City and Strabane,2010,3,2010 Q3,178.0,126116.63,3.09,122336.43
Derry City and Strabane,2010,4,2010 Q4,180.0,114126.21,3.38,110394.86
Derry City and Strabane,2011,1,2011 Q1,166.0,120165.68,4.12,115410.76
Derry City and Strabane,2011,2,2011 Q2,207.0,108325.63,4.38,103780.06
Derry City and Strabane,2011,3,2011 Q3,210.0,104940.59,4.71,100220.22
Derry City and Strabane,2011,4,2011 Q4,179.0,101405.85,4.65,96900.0
Derry City and Strabane,2012,1,2012 Q1,181.0,106866.65,3.49,103262.78
Derry City and Strabane,2012,2,2012 Q2,194.0,107927.3,2.76,105028.51
Derry City and Strabane,2012,3,2012 Q3,229.0,104819.79,2.41,102353.08
Derry City and Strabane,2012,4,2012 Q4,259.0,102305.46,2.67,99644.94
Derry City and Strabane,2013,1,2013 Q1,233.0,93106.7,2.78,90588.34
Derry City and Strabane,2013,2,2013 Q2,248.0,96219.33,2.68,93707.96
Derry City and Strabane,2013,3,2013 Q3,260.0,96918.82,2.71,94361.62
Derry City and Strabane,2013,4,2013 Q4,271.0,97798.82,2.1,95787.29
Derry City and Strabane,2014,1,2014 Q1,323.0,99858.3,1.74,98150.48
Derry City and Strabane,2014,2,2014 Q2,302.0,102748.44,1.72,101011.05
Derry City and Strabane,2014,3,2014 Q3,354.0,109925.02,1.46,108343.21
Derry City and Strabane,2014,4,2014 Q4,344.0,112944.23,0.94,111892.44
Derry City and Strabane,2015,1,2015 Q1,311.0,122108.06,0.1,121986.07
Derry City and Strabane,2015,2,2015 Q2,342.0,125331.22,-0.02,125356.29
Derry City and Strabane,2015,3,2015 Q3,345.0,131003.62,0.01,130990.52
Derry City and Strabane,2015,4,2015 Q4,376.0,129735.84,0.07,129645.09
Derry City and Strabane,2016,1,2016 Q1,382.0,125557.42,0.35,125119.5
Derry City and Strabane,2016,2,2016 Q2,275.0,124906.39,0.35,124470.74
Derry City and Strabane,2016,3,2016 Q3,368.0,119088.61,0.73,118225.56
Derry City and Strabane,2016,4,2016 Q4,356.0,118587.23,1.21,117169.48
Derry City and Strabane,2017,1,2017 Q1,333.0,121280.07,2.14,118739.05
Derry City and Strabane,2017,2,2017 Q2,379.0,121928.69,2.74,118676.94
Derry City and Strabane,2017,3,2017 Q3,409.0,120671.69,2.82,117362.08
Derry City and Strabane,2017,4,2017 Q4,438.0,126957.68,3.02,123235.95
Derry City and Strabane,2018,1,2018 Q1,361.0,122883.52,2.72,119629.6
Derry City and Strabane,2018,2,2018 Q2,411.0,129818.14,2.42,126750.77
Derry City and Strabane,2018,3,2018 Q3,407.0,128641.79,2.52,125479.7
Derry City and Strabane,2018,4,2018 Q4,433.0,136260.63,2.27,133236.17
Derry City and Strabane,2019,1,2019 Q1,349.0,133677.48,1.88,131210.72
Derry City and Strabane,2019,2,2019 Q2,393.0,135891.7,2.05,133161.88
Derry City and Strabane,2019,3,2019 Q3,442.0,127484.69,1.83,125193.65
Derry City and Strabane,2019,4,2019 Q4,398.0,141569.86,1.41,139601.48
Derry City and Strabane,2020,1,2020 Q1,358.0,140436.88,1.67,138130.11
Derry City and Strabane,2020,2,2020 Q2,115.0,137654.57,0.62,136806.37
Derry City and Strabane,2020,3,2020 Q3,372.0,133502.86,0.6,132706.62
Derry City and Strabane,2020,4,2020 Q4,496.0,137251.78,0.53,136528.18
Derry City and Strabane,2021,1,2021 Q1,468.0,146123.76,0.61,145237.81
Derry City and Strabane,2021,2,2021 Q2,448.0,149196.67,2.05,146199.58
Derry City and Strabane,2021,3,2021 Q3,512.0,160138.64,2.77,155822.36
Derry City and Strabane,2021,4,2021 Q4,444.0,162513.72,4.91,154907.75
Derry City and Strabane,2022,1,2022 Q1,416.0,167107.36,6.22,157321.94
Derry City and Strabane,2022,2,2022 Q2,379.0,169493.05,9.17,155256.07
Derry City and Strabane,2022,3,2022 Q3,438.0,173716.41,10.02,157895.3
Derry City and Strabane,2022,4,2022 Q4,438.0,167824.95,10.75,151534.94
Derry City and Strabane,2023,1,2023 Q1,367.0,160087.94,10.18,145296.73
Derry City and Strabane,2023,2,2023 Q2,315.0,175179.12,8.43,161559.64
Derry City and Strabane,2023,3,2023 Q3,339.0,181819.14,6.71,170386.22
Derry City and Strabane,2023,4,2023 Q4,382.0,175759.27,4.18,168707.3
Derry City and Strabane,2024,1,2024 Q1,319.0,175533.73,3.54,169532.29
Derry City and Strabane,2024,2,2024 Q2,377.0,183492.26,2.1,179718.18
Derry City and Strabane,2024,3,2024 Q3,386.0,191573.14,2.04,187743.18
Derry City and Strabane,2024,4,2024 Q4,417.0,200486.03,2.47,195653.39
Derry City and Strabane,2025,1,2025 Q1,378.0,201330.27,2.8,195846.57
Derry City and Strabane,2025,2,2025 Q2,318.0,199101.54,3.49,192387.23
Derry City and Strabane,2025,3,2025 Q3,315.0,211041.56,3.8,203315.57
Fermanagh and Omagh,2010,1,2010 Q1,80.0,135555.93,3.28,131250.9
Fermanagh and Omagh,2010,2,2010 Q2,95.0,137293.06,3.46,132701.59
Fermanagh and Omagh,2010,3,2010 Q3,85.0,146362.99,3.09,141975.93
Fermanagh and Omagh,2010,4,2010 Q4,116.0,128786.7,3.38,124576.03
Fermanagh and Omagh,2011,1,2011 Q1,85.0,128208.11,4.12,123134.95
Fermanagh and Omagh,2011,2,2011 Q2,101.0,134462.77,4.38,128820.43
Fermanagh and Omagh,2011,3,2011 Q3,121.0,118959.35,4.71,113608.39
Fermanagh and Omagh,2011,4,2011 Q4,113.0,118943.66,4.65,113658.54
Fermanagh and Omagh,2012,1,2012 Q1,108.0,116089.11,3.49,112174.23
Fermanagh and Omagh,2012,2,2012 Q2,115.0,115911.39,2.76,112798.16
Fermanagh and Omagh,2012,3,2012 Q3,108.0,118855.05,2.41,116058.05
Fermanagh and Omagh,2012,4,2012 Q4,140.0,109578.59,2.67,106728.93
Fermanagh and Omagh,2013,1,2013 Q1,127.0,106639.15,2.78,103754.77
Fermanagh and Omagh,2013,2,2013 Q2,136.0,105858.08,2.68,103095.13
Fermanagh and Omagh,2013,3,2013 Q3,166.0,113946.94,2.71,110940.45
Fermanagh and Omagh,2013,4,2013 Q4,171.0,105598.66,2.1,103426.7
Fermanagh and Omagh,2014,1,2014 Q1,227.0,110707.66,1.74,108814.29
Fermanagh and Omagh,2014,2,2014 Q2,183.0,120393.16,1.72,118357.41
Fermanagh and Omagh,2014,3,2014 Q3,224.0,122520.24,1.46,120757.19
Fermanagh and Omagh,2014,4,2014 Q4,238.0,123641.08,0.94,122489.68
Fermanagh and Omagh,2015,1,2015 Q1,155.0,127975.24,0.1,127847.39
Fermanagh and Omagh,2015,2,2015 Q2,189.0,137835.65,-0.02,137863.22
Fermanagh and Omagh,2015,3,2015 Q3,202.0,146756.61,0.01,146741.94
Fermanagh and Omagh,2015,4,2015 Q4,243.0,153642.25,0.07,153534.78
Fermanagh and Omagh,2016,1,2016 Q1,241.0,141601.94,0.35,141108.06
Fermanagh and Omagh,2016,2,2016 Q2,186.0,138571.2,0.35,138087.89
Fermanagh and Omagh,2016,3,2016 Q3,211.0,131470.35,0.73,130517.57
Fermanagh and Omagh,2016,4,2016 Q4,243.0,129351.45,1.21,127805.01
Fermanagh and Omagh,2017,1,2017 Q1,207.0,129005.05,2.14,126302.18
Fermanagh and Omagh,2017,2,2017 Q2,222.0,134230.68,2.74,130650.85
Fermanagh and Omagh,2017,3,2017 Q3,275.0,130431.6,2.82,126854.31
Fermanagh and Omagh,2017,4,2017 Q4,288.0,133582.73,3.02,129666.79
Fermanagh and Omagh,2018,1,2018 Q1,234.0,134909.61,2.72,131337.24
Fermanagh and Omagh,2018,2,2018 Q2,249.0,138746.23,2.42,135467.91
Fermanagh and Omagh,2018,3,2018 Q3,279.0,137025.75,2.52,133657.58
Fermanagh and Omagh,2018,4,2018 Q4,288.0,140142.61,2.27,137031.98
Fermanagh and Omagh,2019,1,2019 Q1,217.0,143453.92,1.88,140806.75
Fermanagh and Omagh,2019,2,2019 Q2,251.0,141670.31,2.05,138824.41
Fermanagh and Omagh,2019,3,2019 Q3,274.0,144208.01,1.83,141616.43
Fermanagh and Omagh,2019,4,2019 Q4,306.0,150056.54,1.41,147970.16
Fermanagh and Omagh,2020,1,2020 Q1,221.0,150054.61,1.67,147589.86
Fermanagh and Omagh,2020,2,2020 Q2,112.0,143406.38,0.62,142522.74
Fermanagh and Omagh,2020,3,2020 Q3,212.0,142210.57,0.6,141362.4
Fermanagh and Omagh,2020,4,2020 Q4,337.0,149920.55,0.53,149130.16
Fermanagh and Omagh,2021,1,2021 Q1,291.0,153970.44,0.61,153036.91
Fermanagh and Omagh,2021,2,2021 Q2,317.0,161026.63,2.05,157791.9
Fermanagh and Omagh,2021,3,2021 Q3,345.0,166552.32,2.77,162063.17
Fermanagh and Omagh,2021,4,2021 Q4,286.0,173545.87,4.91,165423.57
Fermanagh and Omagh,2022,1,2022 Q1,255.0,179035.06,6.22,168551.18
Fermanagh and Omagh,2022,2,2022 Q2,230.0,179374.77,9.17,164307.75
Fermanagh and Omagh,2022,3,2022 Q3,266.0,184318.59,10.02,167531.89
Fermanagh and Omagh,2022,4,2022 Q4,312.0,183993.83,10.75,166134.38
Fermanagh and Omagh,2023,1,2023 Q1,249.0,177640.55,10.18,161227.58
Fermanagh and Omagh,2023,2,2023 Q2,238.0,182038.44,8.43,167885.68
Fermanagh and Omagh,2023,3,2023 Q3,262.0,186335.07,6.71,174618.19
Fermanagh and Omagh,2023,4,2023 Q4,272.0,185379.98,4.18,177942.0
Fermanagh and Omagh,2024,1,2024 Q1,243.0,189399.1,3.54,182923.6
Fermanagh and Omagh,2024,2,2024 Q2,246.0,200102.08,2.1,195986.37
Fermanagh and Omagh,2024,3,2024 Q3,251.0,205499.39,2.04,201391.01
Fermanagh and Omagh,2024,4,2024 Q4,327.0,212597.34,2.47,207472.76
Fermanagh and Omagh,2025,1,2025 Q1,254.0,210071.9,2.8,204350.1
Fermanagh and Omagh,2025,2,2025 Q2,182.0,214491.6,3.49,207258.29
Fermanagh and Omagh,2025,3,2025 Q3,203.0,217379.38,3.8,209421.37
Lisburn and Castlereagh,2010,1,2010 Q1,212.0,174534.27,3.28,168991.35
Lisburn and Castlereagh,2010,2,2010 Q2,244.0,179473.02,3.46,173470.93
Lisburn and Castlereagh,2010,3,2010 Q3,238.0,184636.64,3.09,179102.38
Lisburn and Castlereagh,2010,4,2010 Q4,231.0,167592.29,3.38,162112.87
Lisburn and Castlereagh,2011,1,2011 Q1,209.0,159107.28,4.12,152811.45
Lisburn and Castlereagh,2011,2,2011 Q2,188.0,146103.32,4.38,139972.52
Lisburn and Castlereagh,2011,3,2011 Q3,301.0,148946.61,4.71,142246.79
Lisburn and Castlereagh,2011,4,2011 Q4,270.0,149084.76,4.65,142460.35
Lisburn and Castlereagh,2012,1,2012 Q1,313.0,144944.19,3.49,140056.23
Lisburn and Castlereagh,2012,2,2012 Q2,281.0,148272.42,2.76,144290.02
Lisburn and Castlereagh,2012,3,2012 Q3,307.0,151703.38,2.41,148133.37
Lisburn and Castlereagh,2012,4,2012 Q4,326.0,147461.24,2.67,143626.41
Lisburn and Castlereagh,2013,1,2013 Q1,297.0,135705.25,2.78,132034.69
Lisburn and Castlereagh,2013,2,2013 Q2,395.0,137091.42,2.68,133513.26
Lisburn and Castlereagh,2013,3,2013 Q3,454.0,138938.84,2.71,135272.94
Lisburn and Castlereagh,2013,4,2013 Q4,514.0,141351.89,2.1,138444.55
Lisburn and Castlereagh,2014,1,2014 Q1,481.0,145281.38,1.74,142796.72
Lisburn and Castlereagh,2014,2,2014 Q2,496.0,154236.24,1.72,151628.23
Lisburn and Castlereagh,2014,3,2014 Q3,529.0,156178.46,1.46,153931.07
Lisburn and Castlereagh,2014,4,2014 Q4,537.0,164512.66,0.94,162980.64
Lisburn and Castlereagh,2015,1,2015 Q1,439.0,172691.25,0.1,172518.73
Lisburn and Castlereagh,2015,2,2015 Q2,554.0,183519.78,-0.02,183556.49
Lisburn and Castlereagh,2015,3,2015 Q3,584.0,187682.61,0.01,187663.84
Lisburn and Castlereagh,2015,4,2015 Q4,591.0,189519.88,0.07,189387.31
Lisburn and Castlereagh,2016,1,2016 Q1,576.0,176539.0,0.35,175923.27
Lisburn and Castlereagh,2016,2,2016 Q2,506.0,180762.16,0.35,180131.7
Lisburn and Castlereagh,2016,3,2016 Q3,612.0,168971.97,0.73,167747.41
Lisburn and Castlereagh,2016,4,2016 Q4,621.0,163407.06,1.21,161453.47
Lisburn and Castlereagh,2017,1,2017 Q1,505.0,164391.83,2.14,160947.55
Lisburn and Castlereagh,2017,2,2017 Q2,628.0,168108.22,2.74,163624.9
Lisburn and Castlereagh,2017,3,2017 Q3,678.0,163313.09,2.82,158833.97
Lisburn and Castlereagh,2017,4,2017 Q4,663.0,164259.2,3.02,159443.99
Lisburn and Castlereagh,2018,1,2018 Q1,564.0,166534.14,2.72,162124.36
Lisburn and Castlereagh,2018,2,2018 Q2,593.0,171574.68,2.42,167520.68
Lisburn and Castlereagh,2018,3,2018 Q3,605.0,170947.1,2.52,166745.12
Lisburn and Castlereagh,2018,4,2018 Q4,662.0,173434.3,2.27,169584.73
Lisburn and Castlereagh,2019,1,2019 Q1,513.0,175303.63,1.88,172068.74
Lisburn and Castlereagh,2019,2,2019 Q2,622.0,178686.36,2.05,175096.87
Lisburn and Castlereagh,2019,3,2019 Q3,661.0,175042.08,1.83,171896.38
Lisburn and Castlereagh,2019,4,2019 Q4,667.0,183110.55,1.41,180564.59
Lisburn and Castlereagh,2020,1,2020 Q1,507.0,184301.78,1.67,181274.5
Lisburn and Castlereagh,2020,2,2020 Q2,192.0,181942.9,0.62,180821.8
Lisburn and Castlereagh,2020,3,2020 Q3,529.0,180708.6,0.6,179630.82
Lisburn and Castlereagh,2020,4,2020 Q4,833.0,184424.3,0.53,183452.0
Lisburn and Castlereagh,2021,1,2021 Q1,763.0,192643.96,0.61,191475.96
Lisburn and Castlereagh,2021,2,2021 Q2,852.0,200563.05,2.05,196534.1
Lisburn and Castlereagh,2021,3,2021 Q3,901.0,204426.49,2.77,198916.5
Lisburn and Castlereagh,2021,4,2021 Q4,643.0,208486.11,4.91,198728.54
Lisburn and Castlereagh,2022,1,2022 Q1,563.0,215470.85,6.22,202853.37
Lisburn and Castlereagh,2022,2,2022 Q2,574.0,219620.55,9.17,201172.99
Lisburn and Castlereagh,2022,3,2022 Q3,617.0,229791.92,10.02,208863.77
Lisburn and Castlereagh,2022,4,2022 Q4,607.0,227865.48,10.75,205747.61
Lisburn and Castlereagh,2023,1,2023 Q1,449.0,219640.45,10.18,199346.93
Lisburn and Castlereagh,2023,2,2023 Q2,417.0,223525.78,8.43,206147.54
Lisburn and Castlereagh,2023,3,2023 Q3,575.0,231588.6,6.71,217026.15
Lisburn and Castlereagh,2023,4,2023 Q4,491.0,225850.62,4.18,216788.85
Lisburn and Castlereagh,2024,1,2024 Q1,454.0,235028.99,3.54,226993.42
Lisburn and Castlereagh,2024,2,2024 Q2,511.0,241566.29,2.1,236597.74
Lisburn and Castlereagh,2024,3,2024 Q3,649.0,251932.83,2.04,246896.15
Lisburn and Castlereagh,2024,4,2024 Q4,679.0,261670.93,2.47,255363.45
Lisburn and Castlereagh,2025,1,2025 Q1,657.0,264288.9,2.8,257090.37
Lisburn and Castlereagh,2025,2,2025 Q2,470.0,257412.76,3.49,248732.01
Lisburn and Castlereagh,2025,3,2025 Q3,515.0,261118.79,3.8,251559.53
Mid Ulster,2010,1,2010 Q1,140.0,129909.03,3.28,125783.34
Mid Ulster,2010,2,2010 Q2,150.0,134380.98,3.46,129886.89
Mid Ulster,2010,3,2010 Q3,132.0,134473.55,3.09,130442.87
Mid Ulster,2010,4,2010 Q4,148.0,123198.82,3.38,119170.85
Mid Ulster,2011,1,2011 Q1,124.0,126610.86,4.12,121600.9
Mid Ulster,2011,2,2011 Q2,160.0,117384.3,4.38,112458.61
Mid Ulster,2011,3,2011 Q3,157.0,112473.89,4.71,107414.66
Mid Ulster,2011,4,2011 Q4,183.0,109504.89,4.65,104639.17
Mid Ulster,2012,1,2012 Q1,170.0,107702.0,3.49,104069.96
Mid Ulster,2012,2,2012 Q2,148.0,116774.24,2.76,113637.84
Mid Ulster,2012,3,2012 Q3,197.0,112475.39,2.41,109828.52
Mid Ulster,2012,4,2012 Q4,205.0,105943.88,2.67,103188.74
Mid Ulster,2013,1,2013 Q1,178.0,103015.14,2.78,100228.78
Mid Ulster,2013,2,2013 Q2,198.0,106171.96,2.68,103400.82
Mid Ulster,2013,3,2013 Q3,212.0,108424.28,2.71,105563.51
Mid Ulster,2013,4,2013 Q4,240.0,109099.07,2.1,106855.11
Mid Ulster,2014,1,2014 Q1,213.0,116369.09,1.74,114378.9
Mid Ulster,2014,2,2014 Q2,275.0,119091.69,1.72,117077.95
Mid Ulster,2014,3,2014 Q3,249.0,122043.99,1.46,120287.79
Mid Ulster,2014,4,2014 Q4,300.0,130783.73,0.94,129565.81
Mid Ulster,2015,1,2015 Q1,246.0,141602.49,0.1,141461.03
Mid Ulster,2015,2,2015 Q2,278.0,151801.24,-0.02,151831.61
Mid Ulster,2015,3,2015 Q3,296.0,152571.13,0.01,152555.87
Mid Ulster,2015,4,2015 Q4,334.0,150517.75,0.07,150412.46
Mid Ulster,2016,1,2016 Q1,334.0,149473.62,0.35,148952.29
Mid Ulster,2016,2,2016 Q2,264.0,142264.94,0.35,141768.75
Mid Ulster,2016,3,2016 Q3,311.0,137295.38,0.73,136300.39
Mid Ulster,2016,4,2016 Q4,345.0,133781.27,1.21,132181.87
Mid Ulster,2017,1,2017 Q1,303.0,135259.22,2.14,132425.32
Mid Ulster,2017,2,2017 Q2,328.0,138158.58,2.74,134473.99
Mid Ulster,2017,3,2017 Q3,326.0,131729.88,2.82,128116.98
Mid Ulster,2017,4,2017 Q4,308.0,137149.36,3.02,133128.87
Mid Ulster,2018,1,2018 Q1,308.0,140696.17,2.72,136970.57
Mid Ulster,2018,2,2018 Q2,306.0,139773.76,2.42,136471.16
Mid Ulster,2018,3,2018 Q3,343.0,138122.91,2.52,134727.77
Mid Ulster,2018,4,2018 Q4,392.0,143591.63,2.27,140404.45
Mid Ulster,2019,1,2019 Q1,301.0,142770.19,1.88,140135.64
Mid Ulster,2019,2,2019 Q2,377.0,144610.51,2.05,141705.55
Mid Ulster,2019,3,2019 Q3,369.0,142065.61,1.83,139512.53
Mid Ulster,2019,4,2019 Q4,360.0,149652.03,1.41,147571.28
Mid Ulster,2020,1,2020 Q1,309.0,147166.04,1.67,144748.74
Mid Ulster,2020,2,2020 Q2,128.0,141487.61,0.62,140615.79
Mid Ulster,2020,3,2020 Q3,282.0,139776.48,0.6,138942.82
Mid Ulster,2020,4,2020 Q4,420.0,145188.45,0.53,144423.01
Mid Ulster,2021,1,2021 Q1,349.0,153738.0,0.61,152805.88
Mid Ulster,2021,2,2021 Q2,375.0,157645.82,2.05,154479.0
Mid Ulster,2021,3,2021 Q3,406.0,166853.95,2.77,162356.67
Mid Ulster,2021,4,2021 Q4,419.0,168399.97,4.91,160518.51
Mid Ulster,2022,1,2022 Q1,290.0,178197.08,6.22,167762.27
Mid Ulster,2022,2,2022 Q2,308.0,179537.4,9.17,164456.72
Mid Ulster,2022,3,2022 Q3,349.0,184945.07,10.02,168101.32
Mid Ulster,2022,4,2022 Q4,371.0,181170.74,10.75,163585.32
Mid Ulster,2023,1,2023 Q1,256.0,173865.93,10.18,157801.72
Mid Ulster,2023,2,2023 Q2,261.0,182049.95,8.43,167896.29
Mid Ulster,2023,3,2023 Q3,317.0,189901.75,6.71,177960.59
Mid Ulster,2023,4,2023 Q4,308.0,187077.07,4.18,179571.0
Mid Ulster,2024,1,2024 Q1,291.0,192246.0,3.54,185673.17
Mid Ulster,2024,2,2024 Q2,254.0,196214.23,2.1,192178.48
Mid Ulster,2024,3,2024 Q3,317.0,199887.23,2.04,195891.05
Mid Ulster,2024,4,2024 Q4,377.0,205345.69,2.47,200395.91
Mid Ulster,2025,1,2025 Q1,306.0,205880.56,2.8,200272.92
Mid Ulster,2025,2,2025 Q2,253.0,209225.37,3.49,202169.65
Mid Ulster,2025,3,2025 Q3,283.0,216614.41,3.8,208684.4
Mid and East Antrim,2010,1,2010 Q1,211.0,130079.19,3.28,125948.09
Mid and East Antrim,2010,2,2010 Q2,238.0,144310.72,3.46,139484.55
Mid and East Antrim,2010,3,2010 Q3,189.0,139993.64,3.09,135797.5
Mid and East Antrim,2010,4,2010 Q4,229.0,129310.45,3.38,125082.66
Mid and East Antrim,2011,1,2011 Q1,195.0,113156.07,4.12,108678.52
Mid and East Antrim,2011,2,2011 Q2,204.0,120230.15,4.38,115185.05
Mid and East Antrim,2011,3,2011 Q3,277.0,118043.77,4.71,112734.0
Mid and East Antrim,2011,4,2011 Q4,246.0,117076.89,4.65,111874.72
Mid and East Antrim,2012,1,2012 Q1,243.0,112264.69,3.49,108478.78
Mid and East Antrim,2012,2,2012 Q2,295.0,120107.12,2.76,116881.2
Mid and East Antrim,2012,3,2012 Q3,311.0,116421.94,2.41,113682.2
Mid and East Antrim,2012,4,2012 Q4,278.0,112169.32,2.67,109252.28
Mid and East Antrim,2013,1,2013 Q1,280.0,104533.37,2.78,101705.94
Mid and East Antrim,2013,2,2013 Q2,283.0,105371.38,2.68,102621.13
Mid and East Antrim,2013,3,2013 Q3,334.0,104559.46,2.71,101800.66
Mid and East Antrim,2013,4,2013 Q4,391.0,108130.04,2.1,105906.01
Mid and East Antrim,2014,1,2014 Q1,343.0,112723.64,1.74,110795.79
Mid and East Antrim,2014,2,2014 Q2,400.0,115807.32,1.72,113849.12
Mid and East Antrim,2014,3,2014 Q3,361.0,120966.78,1.46,119226.08
Mid and East Antrim,2014,4,2014 Q4,444.0,120823.05,0.94,119697.89
Mid and East Antrim,2015,1,2015 Q1,367.0,127790.8,0.1,127663.14
Mid and East Antrim,2015,2,2015 Q2,430.0,138689.61,-0.02,138717.35
Mid and East Antrim,2015,3,2015 Q3,455.0,138726.11,0.01,138712.24
Mid and East Antrim,2015,4,2015 Q4,453.0,140833.76,0.07,140735.25
Mid and East Antrim,2016,1,2016 Q1,472.0,131727.29,0.35,131267.85
Mid and East Antrim,2016,2,2016 Q2,372.0,135577.34,0.35,135104.47
Mid and East Antrim,2016,3,2016 Q3,484.0,128262.58,0.73,127333.05
Mid and East Antrim,2016,4,2016 Q4,442.0,125622.89,1.21,124121.03
Mid and East Antrim,2017,1,2017 Q1,382.0,124428.67,2.14,121821.69
Mid and East Antrim,2017,2,2017 Q2,451.0,128314.43,2.74,124892.38
Mid and East Antrim,2017,3,2017 Q3,478.0,125092.51,2.82,121661.65
Mid and East Antrim,2017,4,2017 Q4,484.0,127492.96,3.02,123755.54
Mid and East Antrim,2018,1,2018 Q1,374.0,128474.18,2.72,125072.22
Mid and East Antrim,2018,2,2018 Q2,458.0,130467.77,2.42,127385.05
Mid and East Antrim,2018,3,2018 Q3,473.0,131284.4,2.52,128057.35
Mid and East Antrim,2018,4,2018 Q4,503.0,130539.7,2.27,127642.22
Mid and East Antrim,2019,1,2019 Q1,464.0,132436.21,1.88,129992.35
Mid and East Antrim,2019,2,2019 Q2,484.0,134239.2,2.05,131542.58
Mid and East Antrim,2019,3,2019 Q3,549.0,131160.69,1.83,128803.58
Mid and East Antrim,2019,4,2019 Q4,508.0,138835.89,1.41,136905.52
Mid and East Antrim,2020,1,2020 Q1,443.0,137976.72,1.67,135710.36
Mid and East Antrim,2020,2,2020 Q2,150.0,135128.51,0.62,134295.88
Mid and East Antrim,2020,3,2020 Q3,435.0,132546.01,0.6,131755.48
Mid and East Antrim,2020,4,2020 Q4,686.0,137542.0,0.53,136816.87
Mid and East Antrim,2021,1,2021 Q1,572.0,142668.14,0.61,141803.14
Mid and East Antrim,2021,2,2021 Q2,629.0,152651.72,2.05,149585.22
Mid and East Antrim,2021,3,2021 Q3,706.0,155463.41,2.77,151273.14
Mid and East Antrim,2021,4,2021 Q4,505.0,158835.55,4.91,151401.73
Mid and East Antrim,2022,1,2022 Q1,417.0,166264.6,6.22,156528.53
Mid and East Antrim,2022,2,2022 Q2,515.0,166289.89,9.17,152321.97
Mid and East Antrim,2022,3,2022 Q3,507.0,170614.41,10.02,155075.81
Mid and East Antrim,2022,4,2022 Q4,520.0,169725.41,10.75,153250.93
Mid and East Antrim,2023,1,2023 Q1,396.0,166160.4,10.18,150808.13
Mid and East Antrim,2023,2,2023 Q2,427.0,167997.6,8.43,154936.46
Mid and East Antrim,2023,3,2023 Q3,445.0,176123.62,6.71,165048.84
Mid and East Antrim,2023,4,2023 Q4,483.0,176220.75,4.18,169150.27
Mid and East Antrim,2024,1,2024 Q1,379.0,175109.68,3.54,169122.74
Mid and East Antrim,2024,2,2024 Q2,448.0,183382.08,2.1,179610.26
Mid and East Antrim,2024,3,2024 Q3,499.0,189191.94,2.04,185409.58
Mid and East Antrim,2024,4,2024 Q4,542.0,192573.61,2.47,187931.7
Mid and East Antrim,2025,1,2025 Q1,470.0,196867.32,2.8,191505.18
Mid and East Antrim,2025,2,2025 Q2,379.0,192989.8,3.49,186481.59
Mid and East Antrim,2025,3,2025 Q3,458.0,196998.66,3.8,189786.76
"Newry, Mourne and Down",2010,1,2010 Q1,170.0,153801.57,3.28,148917.09
"Newry, Mourne and Down",2010,2,2010 Q2,165.0,156976.34,3.46,151726.6
"Newry, Mourne and Down",2010,3,2010 Q3,171.0,158795.81,3.09,154036.09
"Newry, Mourne and Down",2010,4,2010 Q4,181.0,148242.45,3.38,143395.68
"Newry, Mourne and Down",2011,1,2011 Q1,154.0,141004.79,4.12,135425.27
"Newry, Mourne and Down",2011,2,2011 Q2,180.0,136093.01,4.38,130382.27
"Newry, Mourne and Down",2011,3,2011 Q3,205.0,134322.4,4.71,128280.39
"Newry, Mourne and Down",2011,4,2011 Q4,216.0,135606.97,4.65,129581.43
"Newry, Mourne and Down",2012,1,2012 Q1,188.0,131842.19,3.49,127396.07
"Newry, Mourne and Down",2012,2,2012 Q2,225.0,126492.67,2.76,123095.24
"Newry, Mourne and Down",2012,3,2012 Q3,228.0,129238.12,2.41,126196.78
"Newry, Mourne and Down",2012,4,2012 Q4,279.0,124247.43,2.67,121016.29
"Newry, Mourne and Down",2013,1,2013 Q1,232.0,111375.98,2.78,108363.48
"Newry, Mourne and Down",2013,2,2013 Q2,261.0,112267.45,2.68,109337.21
"Newry, Mourne and Down",2013,3,2013 Q3,290.0,114100.31,2.71,111089.78
"Newry, Mourne and Down",2013,4,2013 Q4,374.0,113459.14,2.1,111125.5
"Newry, Mourne and Down",2014,1,2014 Q1,311.0,125575.7,1.74,123428.05
"Newry, Mourne and Down",2014,2,2014 Q2,373.0,129642.17,1.72,127450.03
"Newry, Mourne and Down",2014,3,2014 Q3,402.0,137486.59,1.46,135508.17
"Newry, Mourne and Down",2014,4,2014 Q4,458.0,136807.52,0.94,135533.51
"Newry, Mourne and Down",2015,1,2015 Q1,366.0,144538.77,0.1,144394.38
"Newry, Mourne and Down",2015,2,2015 Q2,356.0,153992.98,-0.02,154023.78
"Newry, Mourne and Down",2015,3,2015 Q3,458.0,161543.77,0.01,161527.62
"Newry, Mourne and Down",2015,4,2015 Q4,482.0,162141.04,0.07,162027.62
"Newry, Mourne and Down",2016,1,2016 Q1,438.0,149576.17,0.35,149054.48
"Newry, Mourne and Down",2016,2,2016 Q2,347.0,150666.04,0.35,150140.55
"Newry, Mourne and Down",2016,3,2016 Q3,425.0,143953.24,0.73,142910.0
"Newry, Mourne and Down",2016,4,2016 Q4,466.0,139741.43,1.21,138070.77
"Newry, Mourne and Down",2017,1,2017 Q1,392.0,143634.14,2.14,140624.77
"Newry, Mourne and Down",2017,2,2017 Q2,432.0,144602.43,2.74,140745.99
"Newry, Mourne and Down",2017,3,2017 Q3,465.0,138455.28,2.82,134657.93
"Newry, Mourne and Down",2017,4,2017 Q4,539.0,143600.87,3.02,139391.25
"Newry, Mourne and Down",2018,1,2018 Q1,460.0,149363.56,2.72,145408.45
"Newry, Mourne and Down",2018,2,2018 Q2,502.0,146244.92,2.42,142789.42
"Newry, Mourne and Down",2018,3,2018 Q3,536.0,149800.61,2.52,146118.43
"Newry, Mourne and Down",2018,4,2018 Q4,505.0,152392.9,2.27,149010.36
"Newry, Mourne and Down",2019,1,2019 Q1,379.0,153184.47,1.88,150357.74
"Newry, Mourne and Down",2019,2,2019 Q2,482.0,157995.2,2.05,154821.36
"Newry, Mourne and Down",2019,3,2019 Q3,478.0,155175.03,1.83,152386.36
"Newry, Mourne and Down",2019,4,2019 Q4,515.0,162232.68,1.41,159977.0
"Newry, Mourne and Down",2020,1,2020 Q1,410.0,160958.72,1.67,158314.86
"Newry, Mourne and Down",2020,2,2020 Q2,145.0,156444.55,0.62,155480.57
"Newry, Mourne and Down",2020,3,2020 Q3,373.0,160407.17,0.6,159450.47
"Newry, Mourne and Down",2020,4,2020 Q4,638.0,165082.75,0.53,164212.42
"Newry, Mourne and Down",2021,1,2021 Q1,487.0,170230.58,0.61,169198.47
"Newry, Mourne and Down",2021,2,2021 Q2,506.0,180549.55,2.05,176922.64
"Newry, Mourne and Down",2021,3,2021 Q3,593.0,190711.78,2.77,185571.45
"Newry, Mourne and Down",2021,4,2021 Q4,505.0,191765.77,4.91,182790.74
"Newry, Mourne and Down",2022,1,2022 Q1,433.0,200366.97,6.22,188633.94
"Newry, Mourne and Down",2022,2,2022 Q2,449.0,204314.19,9.17,187152.32
"Newry, Mourne and Down",2022,3,2022 Q3,449.0,212824.45,10.02,193441.6
"Newry, Mourne and Down",2022,4,2022 Q4,546.0,203241.17,10.75,183513.47
"Newry, Mourne and Down",2023,1,2023 Q1,345.0,196498.94,10.18,178343.57
"Newry, Mourne and Down",2023,2,2023 Q2,399.0,204135.33,8.43,188264.62
"Newry, Mourne and Down",2023,3,2023 Q3,410.0,214524.15,6.71,201034.72
"Newry, Mourne and Down",2023,4,2023 Q4,438.0,209725.35,4.18,201310.57
"Newry, Mourne and Down",2024,1,2024 Q1,341.0,208981.63,3.54,201836.61
"Newry, Mourne and Down",2024,2,2024 Q2,374.0,224961.15,2.1,220334.13
"Newry, Mourne and Down",2024,3,2024 Q3,501.0,226415.38,2.04,221888.85
"Newry, Mourne and Down",2024,4,2024 Q4,528.0,233722.76,2.47,228088.96
"Newry, Mourne and Down",2025,1,2025 Q1,457.0,234287.86,2.8,227906.48
"Newry, Mourne and Down",2025,2,2025 Q2,312.0,229226.91,3.49,221496.68
"Newry, Mourne and Down",2025,3,2025 Q3,443.0,238713.14,3.8,229974.12
