County,Year,Quarter,Period,transaction_count,avg_price
Carlow,2010,1,2010 Q1,40.0,171800.52475
Carlow,2010,2,2010 Q2,44.0,179575.79545454544
Carlow,2010,3,2010 Q3,63.0,179927.91428571427
Carlow,2010,4,2010 Q4,84.0,168287.5163095238
Carlow,2011,1,2011 Q1,41.0,164626.9363414634
Carlow,2011,2,2011 Q2,43.0,142126.70488372093
Carlow,2011,3,2011 Q3,50.0,125455.7892
Carlow,2011,4,2011 Q4,49.0,126370.92938775512
Carlow,2012,1,2012 Q1,40.0,117574.93925
Carlow,2012,2,2012 Q2,55.0,105920.96290909091
Carlow,2012,3,2012 Q3,71.0,118253.62577464788
Carlow,2012,4,2012 Q4,100.0,99326.068
Carlow,2013,1,2013 Q1,48.0,151397.86
Carlow,2013,2,2013 Q2,90.0,116553.87344444444
Carlow,2013,3,2013 Q3,88.0,97916.38636363635
Carlow,2013,4,2013 Q4,149.0,106024.13919463089
Carlow,2014,1,2014 Q1,67.0,105585.9495522388
Carlow,2014,2,2014 Q2,92.0,101484.60652173914
Carlow,2014,3,2014 Q3,119.0,118390.86857142855
Carlow,2014,4,2014 Q4,160.0,121730.7255
Carlow,2015,1,2015 Q1,109.0,128668.05348623854
Carlow,2015,2,2015 Q2,111.0,120477.10234234232
Carlow,2015,3,2015 Q3,135.0,127871.47829629628
Carlow,2015,4,2015 Q4,174.0,128651.86908045976
Carlow,2016,1,2016 Q1,118.0,124289.0279661017
Carlow,2016,2,2016 Q2,101.0,137145.84445544553
Carlow,2016,3,2016 Q3,150.0,139832.74673333333
Carlow,2016,4,2016 Q4,166.0,146138.81054216868
Carlow,2017,1,2017 Q1,106.0,144878.87433962265
Carlow,2017,2,2017 Q2,143.0,137434.43300699303
Carlow,2017,3,2017 Q3,123.0,164323.64463414633
Carlow,2017,4,2017 Q4,164.0,147479.7668902439
Carlow,2018,1,2018 Q1,147.0,155465.71238095238
Carlow,2018,2,2018 Q2,147.0,164516.47306122447
Carlow,2018,3,2018 Q3,163.0,190328.97773006136
Carlow,2018,4,2018 Q4,228.0,170522.58907894738
Carlow,2019,1,2019 Q1,134.0,167491.18746268656
Carlow,2019,2,2019 Q2,155.0,178607.76903225805
Carlow,2019,3,2019 Q3,197.0,171214.54324873097
Carlow,2019,4,2019 Q4,191.0,180772.16036649217
Carlow,2020,1,2020 Q1,143.0,169621.86174825174
Carlow,2020,2,2020 Q2,87.0,156267.60206896553
Carlow,2020,3,2020 Q3,106.0,218584.43150943395
Carlow,2020,4,2020 Q4,188.0,256917.13265957445
Carlow,2021,1,2021 Q1,168.0,170155.01458333334
Carlow,2021,2,2021 Q2,130.0,220704.36376923075
Carlow,2021,3,2021 Q3,184.0,205883.7521195652
Carlow,2021,4,2021 Q4,231.0,255852.36818181816
Carlow,2022,1,2022 Q1,166.0,226104.46512048197
Carlow,2022,2,2022 Q2,189.0,228351.50476190477
Carlow,2022,3,2022 Q3,165.0,229355.49242424243
Carlow,2022,4,2022 Q4,203.0,253817.5011330049
Carlow,2023,1,2023 Q1,169.0,251390.0807100592
Carlow,2023,2,2023 Q2,156.0,241535.53416666665
Carlow,2023,3,2023 Q3,179.0,250788.52893854748
Carlow,2023,4,2023 Q4,209.0,236225.4519138756
Carlow,2024,1,2024 Q1,141.0,252421.06971631205
Carlow,2024,2,2024 Q2,161.0,245918.5809937888
Carlow,2024,3,2024 Q3,177.0,256068.4762146893
Carlow,2024,4,2024 Q4,187.0,274843.73251336894
Carlow,2025,1,2025 Q1,108.0,255710.2625
Carlow,2025,2,2025 Q2,152.0,314810.6819078948
Carlow,2025,3,2025 Q3,184.0,280580.6795652174
Carlow,2025,4,2025 Q4,83.0,298014.34734939755
Cavan,2010,1,2010 Q1,61.0,150616.49360655737
Cavan,2010,2,2010 Q2,71.0,144824.76943661974
Cavan,2010,3,2010 Q3,84.0,133451.8619047619
Cavan,2010,4,2010 Q4,87.0,142047.1675862069
Cavan,2011,1,2011 Q1,57.0,172300.8642105263
Cavan,2011,2,2011 Q2,63.0,122354.13698412698
Cavan,2011,3,2011 Q3,86.0,125606.72186046511
Cavan,2011,4,2011 Q4,70.0,115795.39828571428
Cavan,2012,1,2012 Q1,56.0,117685.02946428572
Cavan,2012,2,2012 Q2,76.0,85392.18789473684
Cavan,2012,3,2012 Q3,78.0,115362.605
Cavan,2012,4,2012 Q4,121.0,103816.21983471076
Cavan,2013,1,2013 Q1,83.0,87559.53903614458
Cavan,2013,2,2013 Q2,80.0,85838.426125
Cavan,2013,3,2013 Q3,139.0,91059.6921582734
Cavan,2013,4,2013 Q4,209.0,71908.70215311005
Cavan,2014,1,2014 Q1,199.0,48305.372663316586
Cavan,2014,2,2014 Q2,162.0,78112.59037037038
Cavan,2014,3,2014 Q3,210.0,87124.23857142858
Cavan,2014,4,2014 Q4,265.0,88282.31807547169
Cavan,2015,1,2015 Q1,167.0,93493.78922155689
Cavan,2015,2,2015 Q2,207.0,81539.3768599034
Cavan,2015,3,2015 Q3,171.0,106415.26830409357
Cavan,2015,4,2015 Q4,266.0,99027.132518797
Cavan,2016,1,2016 Q1,144.0,110228.52416666668
Cavan,2016,2,2016 Q2,167.0,101542.7005988024
Cavan,2016,3,2016 Q3,202.0,104872.37623762376
Cavan,2016,4,2016 Q4,265.0,109647.2478490566
Cavan,2017,1,2017 Q1,210.0,113689.03657142856
Cavan,2017,2,2017 Q2,196.0,116459.71428571428
Cavan,2017,3,2017 Q3,198.0,116498.2748989899
Cavan,2017,4,2017 Q4,240.0,137482.26579166666
Cavan,2018,1,2018 Q1,173.0,120537.35988439308
Cavan,2018,2,2018 Q2,204.0,130633.81328431371
Cavan,2018,3,2018 Q3,207.0,130983.7079227053
Cavan,2018,4,2018 Q4,269.0,142891.96888475836
Cavan,2019,1,2019 Q1,166.0,141307.17445783134
Cavan,2019,2,2019 Q2,207.0,138563.77285024154
Cavan,2019,3,2019 Q3,196.0,155597.97581632654
Cavan,2019,4,2019 Q4,263.0,144523.59186311785
Cavan,2020,1,2020 Q1,179.0,140143.3917318436
Cavan,2020,2,2020 Q2,119.0,144621.20226890757
Cavan,2020,3,2020 Q3,173.0,130852.76682080924
Cavan,2020,4,2020 Q4,250.0,206840.32232
Cavan,2021,1,2021 Q1,224.0,151409.4732142857
Cavan,2021,2,2021 Q2,180.0,167062.98155555554
Cavan,2021,3,2021 Q3,247.0,190860.8272874494
Cavan,2021,4,2021 Q4,254.0,203720.3305905512
Cavan,2022,1,2022 Q1,182.0,188735.4784065934
Cavan,2022,2,2022 Q2,202.0,201014.5602970297
Cavan,2022,3,2022 Q3,250.0,218227.0042
Cavan,2022,4,2022 Q4,278.0,198556.58291366903
Cavan,2023,1,2023 Q1,181.0,212230.9334254144
Cavan,2023,2,2023 Q2,208.0,193115.8798076923
Cavan,2023,3,2023 Q3,221.0,217514.4621719457
Cavan,2023,4,2023 Q4,249.0,217194.6865060241
Cavan,2024,1,2024 Q1,154.0,219016.9168831169
Cavan,2024,2,2024 Q2,196.0,181843.1931122449
Cavan,2024,3,2024 Q3,251.0,232981.62115537847
Cavan,2024,4,2024 Q4,229.0,255471.92065502185
Cavan,2025,1,2025 Q1,154.0,246684.58571428573
Cavan,2025,2,2025 Q2,180.0,236384.5348333333
Cavan,2025,3,2025 Q3,224.0,259025.6876785714
Cavan,2025,4,2025 Q4,83.0,253889.98301204815
Clare,2010,1,2010 Q1,76.0,196579.28592105265
Clare,2010,2,2010 Q2,112.0,172246.12723214287
Clare,2010,3,2010 Q3,178.0,171886.7870786517
Clare,2010,4,2010 Q4,141.0,172611.00021276597
Clare,2011,1,2011 Q1,80.0,168142.8535
Clare,2011,2,2011 Q2,100.0,153257.0974
Clare,2011,3,2011 Q3,126.0,159420.4773015873
Clare,2011,4,2011 Q4,126.0,156016.56833333333
Clare,2012,1,2012 Q1,103.0,136827.19155339806
Clare,2012,2,2012 Q2,130.0,135848.7316153846
Clare,2012,3,2012 Q3,150.0,139985.4392
Clare,2012,4,2012 Q4,195.0,120445.59471794873
Clare,2013,1,2013 Q1,97.0,127189.0225773196
Clare,2013,2,2013 Q2,143.0,114700.1472027972
Clare,2013,3,2013 Q3,189.0,123950.99857142856
Clare,2013,4,2013 Q4,212.0,111305.75033018868
Clare,2014,1,2014 Q1,153.0,131807.67437908496
Clare,2014,2,2014 Q2,195.0,113163.8953846154
Clare,2014,3,2014 Q3,251.0,111435.37239043824
Clare,2014,4,2014 Q4,448.0,120418.54292410714
Clare,2015,1,2015 Q1,258.0,123316.06558139536
Clare,2015,2,2015 Q2,232.0,129662.41689655172
Clare,2015,3,2015 Q3,337.0,112507.55474777448
Clare,2015,4,2015 Q4,368.0,131696.7060054348
Clare,2016,1,2016 Q1,206.0,302507.00155339803
Clare,2016,2,2016 Q2,298.0,134657.3322818792
Clare,2016,3,2016 Q3,330.0,138683.95133333333
Clare,2016,4,2016 Q4,350.0,142024.97902857143
Clare,2017,1,2017 Q1,288.0,151179.57336805557
Clare,2017,2,2017 Q2,282.0,227481.1593971631
Clare,2017,3,2017 Q3,329.0,153995.84434650454
Clare,2017,4,2017 Q4,403.0,150778.9153598015
Clare,2018,1,2018 Q1,260.0,166021.07123076924
Clare,2018,2,2018 Q2,274.0,173122.88244525547
Clare,2018,3,2018 Q3,339.0,169741.35749262536
Clare,2018,4,2018 Q4,376.0,175046.15954787235
Clare,2019,1,2019 Q1,246.0,171825.15398373984
Clare,2019,2,2019 Q2,279.0,183022.32684587807
Clare,2019,3,2019 Q3,346.0,183843.4071098266
Clare,2019,4,2019 Q4,370.0,203397.945972973
Clare,2020,1,2020 Q1,267.0,181830.8374531835
Clare,2020,2,2020 Q2,191.0,182832.8621465969
Clare,2020,3,2020 Q3,257.0,176696.91171206225
Clare,2020,4,2020 Q4,388.0,203770.1769072165
Clare,2021,1,2021 Q1,287.0,195942.63655052264
Clare,2021,2,2021 Q2,303.0,192668.220330033
Clare,2021,3,2021 Q3,374.0,219310.30403743315
Clare,2021,4,2021 Q4,438.0,230050.357716895
Clare,2022,1,2022 Q1,319.0,239348.39677115984
Clare,2022,2,2022 Q2,311.0,255769.1032797428
Clare,2022,3,2022 Q3,321.0,269198.7658255452
Clare,2022,4,2022 Q4,448.0,249306.648125
Clare,2023,1,2023 Q1,278.0,236771.4615827338
Clare,2023,2,2023 Q2,352.0,253740.13559659093
Clare,2023,3,2023 Q3,340.0,266294.47773529415
Clare,2023,4,2023 Q4,368.0,252873.91823369564
Clare,2024,1,2024 Q1,250.0,287375.19080000004
Clare,2024,2,2024 Q2,302.0,269487.247781457
Clare,2024,3,2024 Q3,328.0,285155.4142378049
Clare,2024,4,2024 Q4,388.0,347422.41786082473
Clare,2025,1,2025 Q1,223.0,292019.57103139017
Clare,2025,2,2025 Q2,322.0,346209.9059627329
Clare,2025,3,2025 Q3,365.0,321033.2979452055
Clare,2025,4,2025 Q4,145.0,334821.6373793104
Cork,2010,1,2010 Q1,464.0,257016.27163793103
Cork,2010,2,2010 Q2,549.0,228769.55524590163
Cork,2010,3,2010 Q3,630.0,214772.4608888889
Cork,2010,4,2010 Q4,629.0,226261.12139904613
Cork,2011,1,2011 Q1,390.0,218729.918
Cork,2011,2,2011 Q2,509.0,201721.1377603144
Cork,2011,3,2011 Q3,545.0,197370.7387522936
Cork,2011,4,2011 Q4,664.0,185602.9049246988
Cork,2012,1,2012 Q1,484.0,165658.4289256198
Cork,2012,2,2012 Q2,566.0,175480.79915194344
Cork,2012,3,2012 Q3,645.0,184244.8908527132
Cork,2012,4,2012 Q4,1068.0,171293.38605805245
Cork,2013,1,2013 Q1,557.0,162988.52789946142
Cork,2013,2,2013 Q2,658.0,153172.66527355622
Cork,2013,3,2013 Q3,832.0,176278.82953125
Cork,2013,4,2013 Q4,1208.0,189843.45745860928
Cork,2014,1,2014 Q1,754.0,155705.97889920426
Cork,2014,2,2014 Q2,998.0,168608.4289278557
Cork,2014,3,2014 Q3,1193.0,186340.6985247276
Cork,2014,4,2014 Q4,1733.0,187143.76226197343
Cork,2015,1,2015 Q1,1209.0,180259.9324483044
Cork,2015,2,2015 Q2,1218.0,181566.6068719212
Cork,2015,3,2015 Q3,1330.0,204350.9155037594
Cork,2015,4,2015 Q4,1675.0,244526.82121791047
Cork,2016,1,2016 Q1,1155.0,199220.33989610392
Cork,2016,2,2016 Q2,1299.0,191872.51074672825
Cork,2016,3,2016 Q3,1476.0,214390.91824525743
Cork,2016,4,2016 Q4,1739.0,212745.4208050604
Cork,2017,1,2017 Q1,1226.0,216576.9563866232
Cork,2017,2,2017 Q2,1349.0,222552.71673832467
Cork,2017,3,2017 Q3,1527.0,234422.70067452523
Cork,2017,4,2017 Q4,1793.0,243605.44906302288
Cork,2018,1,2018 Q1,1201.0,244989.4110657785
Cork,2018,2,2018 Q2,1392.0,320748.529216954
Cork,2018,3,2018 Q3,1567.0,293018.60474154435
Cork,2018,4,2018 Q4,1945.0,262591.3582313625
Cork,2019,1,2019 Q1,1326.0,270604.30549773754
Cork,2019,2,2019 Q2,1567.0,252531.9853733248
Cork,2019,3,2019 Q3,1664.0,262201.35807692306
Cork,2019,4,2019 Q4,2020.0,265074.2605049505
Cork,2020,1,2020 Q1,1346.0,251299.79490341755
Cork,2020,2,2020 Q2,999.0,260404.67487487485
Cork,2020,3,2020 Q3,1246.0,269989.6903130016
Cork,2020,4,2020 Q4,1914.0,285399.44002089865
Cork,2021,1,2021 Q1,1388.0,269550.4811887608
Cork,2021,2,2021 Q2,1422.0,277530.5742897328
Cork,2021,3,2021 Q3,1620.0,281604.0729320988
Cork,2021,4,2021 Q4,2040.0,287934.1483872549
Cork,2022,1,2022 Q1,1471.0,300068.26930659416
Cork,2022,2,2022 Q2,1543.0,296671.26848995464
Cork,2022,3,2022 Q3,1653.0,359986.1239866909
Cork,2022,4,2022 Q4,1982.0,361179.69297174574
Cork,2023,1,2023 Q1,1472.0,319804.1518002717
Cork,2023,2,2023 Q2,1740.0,320702.266908046
Cork,2023,3,2023 Q3,1846.0,321374.91345070425
Cork,2023,4,2023 Q4,2102.0,355535.8742340628
Cork,2024,1,2024 Q1,1440.0,353234.35299305554
Cork,2024,2,2024 Q2,1693.0,337174.447023036
Cork,2024,3,2024 Q3,1827.0,353023.0235632184
Cork,2024,4,2024 Q4,2096.0,373594.5208110687
Cork,2025,1,2025 Q1,1418.0,359930.3241184768
Cork,2025,2,2025 Q2,1697.0,359515.7909664113
Cork,2025,3,2025 Q3,1920.0,382299.7442604167
Cork,2025,4,2025 Q4,707.0,382661.0055021216
Donegal,2010,1,2010 Q1,128.0,164544.660859375
Donegal,2010,2,2010 Q2,153.0,150964.90692810458
Donegal,2010,3,2010 Q3,163.0,155558.04214723926
Donegal,2010,4,2010 Q4,191.0,140816.42287958114
Donegal,2011,1,2011 Q1,98.0,139603.4243877551
Donegal,2011,2,2011 Q2,121.0,129030.58099173554
Donegal,2011,3,2011 Q3,134.0,122020.97925373136
Donegal,2011,4,2011 Q4,181.0,127311.17928176797
Donegal,2012,1,2012 Q1,146.0,109132.59856164384
Donegal,2012,2,2012 Q2,149.0,109630.5311409396
Donegal,2012,3,2012 Q3,168.0,101349.84113095238
Donegal,2012,4,2012 Q4,240.0,104368.38704166668
Donegal,2013,1,2013 Q1,154.0,91049.82032467533
Donegal,2013,2,2013 Q2,149.0,91727.89516778525
Donegal,2013,3,2013 Q3,204.0,100040.36519607843
Donegal,2013,4,2013 Q4,258.0,88728.30868217055
Donegal,2014,1,2014 Q1,182.0,98464.13818681316
Donegal,2014,2,2014 Q2,285.0,84004.9098245614
Donegal,2014,3,2014 Q3,310.0,88703.65232258064
Donegal,2014,4,2014 Q4,431.0,96495.24160092809
Donegal,2015,1,2015 Q1,336.0,93171.53333333333
Donegal,2015,2,2015 Q2,380.0,100428.14884210526
Donegal,2015,3,2015 Q3,355.0,109505.32430985916
Donegal,2015,4,2015 Q4,438.0,108815.15458904108
Donegal,2016,1,2016 Q1,318.0,101416.18518867924
Donegal,2016,2,2016 Q2,352.0,116805.51278409093
Donegal,2016,3,2016 Q3,338.0,107101.99677514793
Donegal,2016,4,2016 Q4,463.0,107284.39483801296
Donegal,2017,1,2017 Q1,275.0,116683.4568
Donegal,2017,2,2017 Q2,320.0,115044.93690625
Donegal,2017,3,2017 Q3,361.0,115116.14980609418
Donegal,2017,4,2017 Q4,378.0,129421.38544973546
Donegal,2018,1,2018 Q1,270.0,116509.1772962963
Donegal,2018,2,2018 Q2,387.0,104007.1554263566
Donegal,2018,3,2018 Q3,370.0,127341.92078378376
Donegal,2018,4,2018 Q4,465.0,124952.93264516129
Donegal,2019,1,2019 Q1,292.0,124128.57856164382
Donegal,2019,2,2019 Q2,345.0,121145.91640579708
Donegal,2019,3,2019 Q3,417.0,130662.27244604316
Donegal,2019,4,2019 Q4,500.0,127585.11836
Donegal,2020,1,2020 Q1,318.0,138332.21666666667
Donegal,2020,2,2020 Q2,214.0,117580.53714953273
Donegal,2020,3,2020 Q3,328.0,148229.24082317075
Donegal,2020,4,2020 Q4,521.0,149334.14706333974
Donegal,2021,1,2021 Q1,358.0,142822.0822905028
Donegal,2021,2,2021 Q2,439.0,145316.08560364463
Donegal,2021,3,2021 Q3,398.0,152109.85763819097
Donegal,2021,4,2021 Q4,506.0,165349.4825494071
Donegal,2022,1,2022 Q1,359.0,172713.80944289695
Donegal,2022,2,2022 Q2,414.0,176395.40538647343
Donegal,2022,3,2022 Q3,437.0,180071.71887871856
Donegal,2022,4,2022 Q4,421.0,200885.07610451308
Donegal,2023,1,2023 Q1,328.0,184228.5630487805
Donegal,2023,2,2023 Q2,359.0,177902.48913649024
Donegal,2023,3,2023 Q3,405.0,208344.8384197531
Donegal,2023,4,2023 Q4,426.0,188909.4401173709
Donegal,2024,1,2024 Q1,305.0,183147.944852459
Donegal,2024,2,2024 Q2,388.0,196430.9330670103
Donegal,2024,3,2024 Q3,372.0,200765.67306451613
Donegal,2024,4,2024 Q4,452.0,212393.04059734516
Donegal,2025,1,2025 Q1,271.0,205770.65752767527
Donegal,2025,2,2025 Q2,379.0,254342.68461741423
Donegal,2025,3,2025 Q3,370.0,204855.70872972973
Donegal,2025,4,2025 Q4,154.0,226299.26344155843
Dublin,2010,1,2010 Q1,1431.0,343225.7098602376
Dublin,2010,2,2010 Q2,1809.0,351568.8173134328
Dublin,2010,3,2010 Q3,2004.0,331847.4310778443
Dublin,2010,4,2010 Q4,1697.0,305706.2152799057
Dublin,2011,1,2011 Q1,1081.0,327718.24823311745
Dublin,2011,2,2011 Q2,1262.0,309704.2469572108
Dublin,2011,3,2011 Q3,1671.0,318842.17808497907
Dublin,2011,4,2011 Q4,1891.0,289785.3324325753
Dublin,2012,1,2012 Q1,1435.0,290219.8622926829
Dublin,2012,2,2012 Q2,1945.0,258356.90202570692
Dublin,2012,3,2012 Q3,2337.0,290494.0843902439
Dublin,2012,4,2012 Q4,3209.0,282201.3748457463
Dublin,2013,1,2013 Q1,1585.0,320613.57128706627
Dublin,2013,2,2013 Q2,2060.0,329712.5465
Dublin,2013,3,2013 Q3,2870.0,346846.52654703835
Dublin,2013,4,2013 Q4,4002.0,316982.2577486257
Dublin,2014,1,2014 Q1,2194.0,331975.37700546946
Dublin,2014,2,2014 Q2,2920.0,340022.48713698634
Dublin,2014,3,2014 Q3,3814.0,408664.4260985842
Dublin,2014,4,2014 Q4,5254.0,353340.1318290826
Dublin,2015,1,2015 Q1,3478.0,330603.8870500288
Dublin,2015,2,2015 Q2,4068.0,327031.9770648968
Dublin,2015,3,2015 Q3,3820.0,377125.26537434553
Dublin,2015,4,2015 Q4,4077.0,367409.28027471184
Dublin,2016,1,2016 Q1,3240.0,379728.2028611111
Dublin,2016,2,2016 Q2,3504.0,408157.4858818493
Dublin,2016,3,2016 Q3,4159.0,407448.1244193316
Dublin,2016,4,2016 Q4,4911.0,415523.1544695581
Dublin,2017,1,2017 Q1,3632.0,408014.85670980177
Dublin,2017,2,2017 Q2,3996.0,400652.70295545546
Dublin,2017,3,2017 Q3,4784.0,422793.3455121238
Dublin,2017,4,2017 Q4,5583.0,437915.2877610604
Dublin,2018,1,2018 Q1,3929.0,416707.2433799949
Dublin,2018,2,2018 Q2,4393.0,502374.1764830412
Dublin,2018,3,2018 Q3,4890.0,471365.5579345604
Dublin,2018,4,2018 Q4,5486.0,476714.8973149836
Dublin,2019,1,2019 Q1,3764.0,417242.0366365569
Dublin,2019,2,2019 Q2,4390.0,484788.95254669705
Dublin,2019,3,2019 Q3,4876.0,535014.8884926169
Dublin,2019,4,2019 Q4,5430.0,532870.8197882136
Dublin,2020,1,2020 Q1,3608.0,532479.3311252772
Dublin,2020,2,2020 Q2,2493.0,516464.5323144805
Dublin,2020,3,2020 Q3,3212.0,575944.5934620175
Dublin,2020,4,2020 Q4,5472.0,506972.1347496345
Dublin,2021,1,2021 Q1,3702.0,509279.79857644514
Dublin,2021,2,2021 Q2,3752.0,558409.7391151387
Dublin,2021,3,2021 Q3,4519.0,547057.8188537287
Dublin,2021,4,2021 Q4,5125.0,609187.4371707317
Dublin,2022,1,2022 Q1,3985.0,535511.7025570892
Dublin,2022,2,2022 Q2,4337.0,599277.4997302282
Dublin,2022,3,2022 Q3,5101.0,632444.6820858655
Dublin,2022,4,2022 Q4,5061.0,612831.5958111045
Dublin,2023,1,2023 Q1,4010.0,632641.2762793017
Dublin,2023,2,2023 Q2,4417.0,522728.5323364274
Dublin,2023,3,2023 Q3,5088.0,610001.274288522
Dublin,2023,4,2023 Q4,5370.0,610337.3144450652
Dublin,2024,1,2024 Q1,3646.0,582133.1442238069
Dublin,2024,2,2024 Q2,4484.0,609495.42058876
Dublin,2024,3,2024 Q3,4937.0,620082.8439983797
Dublin,2024,4,2024 Q4,6208.0,731602.5820360824
Dublin,2025,1,2025 Q1,3916.0,602448.9560418795
Dublin,2025,2,2025 Q2,4589.0,635700.5528328612
Dublin,2025,3,2025 Q3,5090.0,682700.8048801572
Dublin,2025,4,2025 Q4,1847.0,648825.7572279371
Galway,2010,1,2010 Q1,204.0,236726.2368137255
Galway,2010,2,2010 Q2,223.0,220717.12430493272
Galway,2010,3,2010 Q3,259.0,225318.1393050193
Galway,2010,4,2010 Q4,264.0,212099.3041287879
Galway,2011,1,2011 Q1,168.0,233455.68875
Galway,2011,2,2011 Q2,206.0,208474.17160194172
Galway,2011,3,2011 Q3,262.0,179101.7741221374
Galway,2011,4,2011 Q4,321.0,180971.91264797508
Galway,2012,1,2012 Q1,178.0,159839.92320224718
Galway,2012,2,2012 Q2,243.0,159847.9983127572
Galway,2012,3,2012 Q3,303.0,177291.33686468648
Galway,2012,4,2012 Q4,448.0,163938.03915178572
Galway,2013,1,2013 Q1,229.0,161109.02480349346
Galway,2013,2,2013 Q2,367.0,149513.1610081744
Galway,2013,3,2013 Q3,418.0,162913.83045454544
Galway,2013,4,2013 Q4,572.0,154393.63480769232
Galway,2014,1,2014 Q1,365.0,144249.82052054795
Galway,2014,2,2014 Q2,520.0,150908.39182692306
Galway,2014,3,2014 Q3,659.0,162348.6706525038
Galway,2014,4,2014 Q4,889.0,157827.86849268843
Galway,2015,1,2015 Q1,626.0,190260.7627955272
Galway,2015,2,2015 Q2,609.0,154874.25489326767
Galway,2015,3,2015 Q3,766.0,164582.72708877284
Galway,2015,4,2015 Q4,833.0,166502.57501800722
Galway,2016,1,2016 Q1,457.0,176797.84463894967
Galway,2016,2,2016 Q2,707.0,182632.793437058
Galway,2016,3,2016 Q3,680.0,196885.59177941177
Galway,2016,4,2016 Q4,737.0,195969.03678426053
Galway,2017,1,2017 Q1,529.0,213641.44625708883
Galway,2017,2,2017 Q2,634.0,191584.16728706623
Galway,2017,3,2017 Q3,754.0,209728.78435013263
Galway,2017,4,2017 Q4,874.0,223341.5418764302
Galway,2018,1,2018 Q1,498.0,211182.6602811245
Galway,2018,2,2018 Q2,619.0,282425.31348949915
Galway,2018,3,2018 Q3,734.0,233719.28837874657
Galway,2018,4,2018 Q4,810.0,234998.20264197528
Galway,2019,1,2019 Q1,580.0,243634.05008620693
Galway,2019,2,2019 Q2,624.0,220399.4508173077
Galway,2019,3,2019 Q3,694.0,279125.11874639767
Galway,2019,4,2019 Q4,879.0,240379.16048919223
Galway,2020,1,2020 Q1,592.0,250148.0779054054
Galway,2020,2,2020 Q2,405.0,240001.41355555557
Galway,2020,3,2020 Q3,516.0,255472.35536821708
Galway,2020,4,2020 Q4,857.0,249556.9199533256
Galway,2021,1,2021 Q1,596.0,253393.3968959732
Galway,2021,2,2021 Q2,676.0,255702.78542899407
Galway,2021,3,2021 Q3,694.0,281417.5501873199
Galway,2021,4,2021 Q4,853.0,279885.07300117234
Galway,2022,1,2022 Q1,565.0,279695.5778584071
Galway,2022,2,2022 Q2,676.0,325143.03646449704
Galway,2022,3,2022 Q3,700.0,302950.7258714286
Galway,2022,4,2022 Q4,885.0,317518.8743841808
Galway,2023,1,2023 Q1,667.0,309114.4991604198
Galway,2023,2,2023 Q2,676.0,308726.1346449704
Galway,2023,3,2023 Q3,728.0,310839.90178571426
Galway,2023,4,2023 Q4,839.0,350426.09137067944
Galway,2024,1,2024 Q1,549.0,325764.5120400729
Galway,2024,2,2024 Q2,662.0,320170.4105589124
Galway,2024,3,2024 Q3,684.0,361372.8911403509
Galway,2024,4,2024 Q4,763.0,361036.96501965926
Galway,2025,1,2025 Q1,477.0,350364.71238993714
Galway,2025,2,2025 Q2,719.0,360384.25077885954
Galway,2025,3,2025 Q3,762.0,370835.4535826772
Galway,2025,4,2025 Q4,295.0,369976.1128813559
Kerry,2010,1,2010 Q1,132.0,193095.60954545456
Kerry,2010,2,2010 Q2,152.0,205168.07361842107
Kerry,2010,3,2010 Q3,166.0,181257.0004819277
Kerry,2010,4,2010 Q4,178.0,176007.5448314607
Kerry,2011,1,2011 Q1,106.0,167252.6612264151
Kerry,2011,2,2011 Q2,138.0,187386.05811594205
Kerry,2011,3,2011 Q3,145.0,156211.12337931036
Kerry,2011,4,2011 Q4,183.0,143417.55169398908
Kerry,2012,1,2012 Q1,138.0,161894.9577536232
Kerry,2012,2,2012 Q2,172.0,134430.7984302325
Kerry,2012,3,2012 Q3,191.0,130847.94607329844
Kerry,2012,4,2012 Q4,261.0,151955.38858237548
Kerry,2013,1,2013 Q1,165.0,130414.58393939395
Kerry,2013,2,2013 Q2,201.0,132504.11641791044
Kerry,2013,3,2013 Q3,208.0,126850.36490384614
Kerry,2013,4,2013 Q4,308.0,134360.51308441558
Kerry,2014,1,2014 Q1,188.0,127344.0609574468
Kerry,2014,2,2014 Q2,266.0,128330.25221804512
Kerry,2014,3,2014 Q3,345.0,123292.06339130434
Kerry,2014,4,2014 Q4,420.0,128868.497
Kerry,2015,1,2015 Q1,272.0,131669.93985294117
Kerry,2015,2,2015 Q2,343.0,139937.96084548105
Kerry,2015,3,2015 Q3,365.0,147277.3124657534
Kerry,2015,4,2015 Q4,449.0,133097.63884187082
Kerry,2016,1,2016 Q1,290.0,149595.7234137931
Kerry,2016,2,2016 Q2,359.0,138063.1978551532
Kerry,2016,3,2016 Q3,394.0,143539.4642893401
Kerry,2016,4,2016 Q4,452.0,157239.6097123894
Kerry,2017,1,2017 Q1,299.0,146793.01448160535
Kerry,2017,2,2017 Q2,466.0,137923.93798283263
Kerry,2017,3,2017 Q3,417.0,158527.96712230216
Kerry,2017,4,2017 Q4,485.0,169073.6160412371
Kerry,2018,1,2018 Q1,389.0,148307.28922879178
Kerry,2018,2,2018 Q2,432.0,155737.44872685184
Kerry,2018,3,2018 Q3,389.0,174696.54832904885
Kerry,2018,4,2018 Q4,456.0,181335.74208333332
Kerry,2019,1,2019 Q1,301.0,183350.59634551496
Kerry,2019,2,2019 Q2,347.0,186959.44363112396
Kerry,2019,3,2019 Q3,426.0,185314.18117370893
Kerry,2019,4,2019 Q4,527.0,188026.2140796964
Kerry,2020,1,2020 Q1,315.0,172482.49761904762
Kerry,2020,2,2020 Q2,251.0,187884.18988047808
Kerry,2020,3,2020 Q3,316.0,201474.44819620252
Kerry,2020,4,2020 Q4,493.0,231474.31884381335
Kerry,2021,1,2021 Q1,366.0,194576.8955191257
Kerry,2021,2,2021 Q2,393.0,207551.27458015268
Kerry,2021,3,2021 Q3,426.0,236268.4240375587
Kerry,2021,4,2021 Q4,478.0,252823.15824267783
Kerry,2022,1,2022 Q1,387.0,232258.61447028423
Kerry,2022,2,2022 Q2,419.0,245685.1598090692
Kerry,2022,3,2022 Q3,460.0,253416.3241521739
Kerry,2022,4,2022 Q4,477.0,255489.69918238997
Kerry,2023,1,2023 Q1,370.0,256009.90608108108
Kerry,2023,2,2023 Q2,323.0,269188.9659133127
Kerry,2023,3,2023 Q3,413.0,286861.0058595642
Kerry,2023,4,2023 Q4,441.0,285832.1237414966
Kerry,2024,1,2024 Q1,320.0,247818.65009375
Kerry,2024,2,2024 Q2,362.0,249889.19074585635
Kerry,2024,3,2024 Q3,353.0,268961.60155807366
Kerry,2024,4,2024 Q4,433.0,323413.4672055428
Kerry,2025,1,2025 Q1,276.0,279526.68373188406
Kerry,2025,2,2025 Q2,341.0,343057.9844281525
Kerry,2025,3,2025 Q3,324.0,341764.0088580247
Kerry,2025,4,2025 Q4,119.0,448398.64042016806
Kildare,2010,1,2010 Q1,206.0,265109.77140776697
Kildare,2010,2,2010 Q2,262.0,237564.50614503815
Kildare,2010,3,2010 Q3,306.0,227741.5916013072
Kildare,2010,4,2010 Q4,275.0,237052.8745454545
Kildare,2011,1,2011 Q1,146.0,248073.0152739726
Kildare,2011,2,2011 Q2,162.0,238132.0595679012
Kildare,2011,3,2011 Q3,187.0,225162.1843315508
Kildare,2011,4,2011 Q4,303.0,206399.82491749176
Kildare,2012,1,2012 Q1,165.0,183766.4229090909
Kildare,2012,2,2012 Q2,181.0,187080.18513812157
Kildare,2012,3,2012 Q3,256.0,191003.8209375
Kildare,2012,4,2012 Q4,461.0,203555.92114967463
Kildare,2013,1,2013 Q1,196.0,174691.57857142857
Kildare,2013,2,2013 Q2,259.0,192988.34077220075
Kildare,2013,3,2013 Q3,372.0,195681.61341397848
Kildare,2013,4,2013 Q4,505.0,211776.4494851485
Kildare,2014,1,2014 Q1,283.0,193120.63632508836
Kildare,2014,2,2014 Q2,385.0,228430.756025974
Kildare,2014,3,2014 Q3,518.0,227772.88971042476
Kildare,2014,4,2014 Q4,698.0,227982.38873925505
Kildare,2015,1,2015 Q1,519.0,260401.86579961464
Kildare,2015,2,2015 Q2,503.0,236182.2238568588
Kildare,2015,3,2015 Q3,616.0,258881.84383116884
Kildare,2015,4,2015 Q4,664.0,238034.11233433732
Kildare,2016,1,2016 Q1,433.0,261316.53792147807
Kildare,2016,2,2016 Q2,596.0,249511.1048825503
Kildare,2016,3,2016 Q3,587.0,250098.4447359455
Kildare,2016,4,2016 Q4,714.0,275684.0321988796
Kildare,2017,1,2017 Q1,592.0,242948.2162331081
Kildare,2017,2,2017 Q2,649.0,264239.7534206472
Kildare,2017,3,2017 Q3,741.0,261021.5405263158
Kildare,2017,4,2017 Q4,873.0,282594.7524054983
Kildare,2018,1,2018 Q1,609.0,287100.1028078818
Kildare,2018,2,2018 Q2,660.0,278660.21445454546
Kildare,2018,3,2018 Q3,809.0,289713.385500618
Kildare,2018,4,2018 Q4,1039.0,283587.87623676617
Kildare,2019,1,2019 Q1,674.0,275681.5801335311
Kildare,2019,2,2019 Q2,795.0,303853.4423773585
Kildare,2019,3,2019 Q3,837.0,302306.07964157703
Kildare,2019,4,2019 Q4,1193.0,321239.19843252306
Kildare,2020,1,2020 Q1,606.0,277571.27856435644
Kildare,2020,2,2020 Q2,423.0,313034.6604255319
Kildare,2020,3,2020 Q3,648.0,302644.06422839506
Kildare,2020,4,2020 Q4,1173.0,337247.8494117647
Kildare,2021,1,2021 Q1,626.0,343696.9964696485
Kildare,2021,2,2021 Q2,704.0,347047.1163494318
Kildare,2021,3,2021 Q3,906.0,359994.00182119204
Kildare,2021,4,2021 Q4,1271.0,348412.04498033045
Kildare,2022,1,2022 Q1,736.0,332219.6792391304
Kildare,2022,2,2022 Q2,825.0,363853.0557212122
Kildare,2022,3,2022 Q3,982.0,366692.1030448065
Kildare,2022,4,2022 Q4,1416.0,454229.81352401135
Kildare,2023,1,2023 Q1,802.0,365757.6005985038
Kildare,2023,2,2023 Q2,1089.0,397916.5176400367
Kildare,2023,3,2023 Q3,999.0,400783.754984985
Kildare,2023,4,2023 Q4,1317.0,394132.6801366743
Kildare,2024,1,2024 Q1,731.0,410101.80967168265
Kildare,2024,2,2024 Q2,794.0,376185.9999748111
Kildare,2024,3,2024 Q3,763.0,417598.42331585847
Kildare,2024,4,2024 Q4,1095.0,421877.5369589041
Kildare,2025,1,2025 Q1,633.0,417294.727914692
Kildare,2025,2,2025 Q2,766.0,429296.257467363
Kildare,2025,3,2025 Q3,880.0,435662.4938863636
Kildare,2025,4,2025 Q4,385.0,420427.67940259736
Kilkenny,2010,1,2010 Q1,59.0,198658.4486440678
Kilkenny,2010,2,2010 Q2,95.0,200949.14736842105
Kilkenny,2010,3,2010 Q3,93.0,214147.4705376344
Kilkenny,2010,4,2010 Q4,96.0,221592.54729166665
Kilkenny,2011,1,2011 Q1,69.0,169187.8304347826
Kilkenny,2011,2,2011 Q2,72.0,184637.51611111112
Kilkenny,2011,3,2011 Q3,99.0,175579.0868686869
Kilkenny,2011,4,2011 Q4,114.0,146060.01359649125
Kilkenny,2012,1,2012 Q1,96.0,141151.43677083333
Kilkenny,2012,2,2012 Q2,103.0,130890.00165048544
Kilkenny,2012,3,2012 Q3,98.0,136192.11775510202
Kilkenny,2012,4,2012 Q4,167.0,139323.89161676646
Kilkenny,2013,1,2013 Q1,68.0,127792.41544117648
Kilkenny,2013,2,2013 Q2,104.0,113100.87826923076
Kilkenny,2013,3,2013 Q3,131.0,145266.58198473282
Kilkenny,2013,4,2013 Q4,174.0,134653.60873563218
Kilkenny,2014,1,2014 Q1,106.0,109191.78924528304
Kilkenny,2014,2,2014 Q2,186.0,123966.28774193548
Kilkenny,2014,3,2014 Q3,188.0,161641.0595212766
Kilkenny,2014,4,2014 Q4,211.0,148832.31440758295
Kilkenny,2015,1,2015 Q1,158.0,170846.3169620253
Kilkenny,2015,2,2015 Q2,158.0,138357.47297468354
Kilkenny,2015,3,2015 Q3,252.0,167716.41472222222
Kilkenny,2015,4,2015 Q4,212.0,174814.33325471697
Kilkenny,2016,1,2016 Q1,148.0,168705.3868918919
Kilkenny,2016,2,2016 Q2,170.0,168100.28876470588
Kilkenny,2016,3,2016 Q3,193.0,172539.54150259067
Kilkenny,2016,4,2016 Q4,212.0,201129.03599056604
Kilkenny,2017,1,2017 Q1,153.0,169172.45535947714
Kilkenny,2017,2,2017 Q2,205.0,177605.6807804878
Kilkenny,2017,3,2017 Q3,221.0,183964.9071040724
Kilkenny,2017,4,2017 Q4,224.0,185273.73660714287
Kilkenny,2018,1,2018 Q1,160.0,206652.2396875
Kilkenny,2018,2,2018 Q2,174.0,188410.02666666667
Kilkenny,2018,3,2018 Q3,243.0,206802.6293415638
Kilkenny,2018,4,2018 Q4,296.0,203165.89155405405
Kilkenny,2019,1,2019 Q1,192.0,195874.98140625
Kilkenny,2019,2,2019 Q2,222.0,207364.8779279279
Kilkenny,2019,3,2019 Q3,264.0,202590.72666666668
Kilkenny,2019,4,2019 Q4,255.0,248381.76368627453
Kilkenny,2020,1,2020 Q1,169.0,217277.32414201184
Kilkenny,2020,2,2020 Q2,124.0,193009.7162096774
Kilkenny,2020,3,2020 Q3,181.0,208586.32779005525
Kilkenny,2020,4,2020 Q4,270.0,244190.152
Kilkenny,2021,1,2021 Q1,224.0,230450.01397321429
Kilkenny,2021,2,2021 Q2,215.0,227728.52590697675
Kilkenny,2021,3,2021 Q3,230.0,261067.19386956524
Kilkenny,2021,4,2021 Q4,299.0,277746.5243478261
Kilkenny,2022,1,2022 Q1,187.0,304659.33855614974
Kilkenny,2022,2,2022 Q2,240.0,281689.9585
Kilkenny,2022,3,2022 Q3,262.0,294472.81748091604
Kilkenny,2022,4,2022 Q4,273.0,287252.37304029305
Kilkenny,2023,1,2023 Q1,194.0,268445.2470103093
Kilkenny,2023,2,2023 Q2,255.0,311049.554627451
Kilkenny,2023,3,2023 Q3,224.0,298568.3570089285
Kilkenny,2023,4,2023 Q4,352.0,334579.00329545455
Kilkenny,2024,1,2024 Q1,212.0,315166.3952358491
Kilkenny,2024,2,2024 Q2,255.0,330793.6334117647
Kilkenny,2024,3,2024 Q3,274.0,334882.46167883213
Kilkenny,2024,4,2024 Q4,314.0,321243.3827707006
Kilkenny,2025,1,2025 Q1,198.0,362593.2325757576
Kilkenny,2025,2,2025 Q2,269.0,320788.2704832714
Kilkenny,2025,3,2025 Q3,309.0,347982.2543365696
Kilkenny,2025,4,2025 Q4,82.0,325822.1232926829
Laois,2010,1,2010 Q1,77.0,170204.10805194805
Laois,2010,2,2010 Q2,75.0,174479.5532
Laois,2010,3,2010 Q3,91.0,161014.7969230769
Laois,2010,4,2010 Q4,88.0,153970.82386363635
Laois,2011,1,2011 Q1,47.0,142395.11340425533
Laois,2011,2,2011 Q2,102.0,131052.06568627452
Laois,2011,3,2011 Q3,84.0,114954.81976190476
Laois,2011,4,2011 Q4,94.0,119905.17521276596
Laois,2012,1,2012 Q1,69.0,117879.89405797102
Laois,2012,2,2012 Q2,106.0,94285.78283018868
Laois,2012,3,2012 Q3,101.0,94623.9801980198
Laois,2012,4,2012 Q4,157.0,87150.37369426752
Laois,2013,1,2013 Q1,70.0,107035.49142857143
Laois,2013,2,2013 Q2,85.0,91385.24564705882
Laois,2013,3,2013 Q3,94.0,127298.0744680851
Laois,2013,4,2013 Q4,174.0,84921.08454022989
Laois,2014,1,2014 Q1,107.0,91501.97626168226
Laois,2014,2,2014 Q2,147.0,100967.5355782313
Laois,2014,3,2014 Q3,147.0,105539.1487755102
Laois,2014,4,2014 Q4,256.0,104313.056875
Laois,2015,1,2015 Q1,155.0,103839.23322580646
Laois,2015,2,2015 Q2,165.0,117149.95715151516
Laois,2015,3,2015 Q3,144.0,131416.9436111111
Laois,2015,4,2015 Q4,206.0,147529.2217961165
Laois,2016,1,2016 Q1,139.0,126930.2271942446
Laois,2016,2,2016 Q2,170.0,122811.74452941176
Laois,2016,3,2016 Q3,182.0,243979.99961538464
Laois,2016,4,2016 Q4,292.0,133193.0081849315
Laois,2017,1,2017 Q1,161.0,147383.03565217392
Laois,2017,2,2017 Q2,152.0,163179.71282894738
Laois,2017,3,2017 Q3,249.0,145282.68827309238
Laois,2017,4,2017 Q4,230.0,160452.18995652173
Laois,2018,1,2018 Q1,160.0,163499.9728125
Laois,2018,2,2018 Q2,197.0,148539.941928934
Laois,2018,3,2018 Q3,230.0,167209.71947826084
Laois,2018,4,2018 Q4,252.0,164821.61055555556
Laois,2019,1,2019 Q1,180.0,171115.92816666668
Laois,2019,2,2019 Q2,246.0,161837.50211382116
Laois,2019,3,2019 Q3,242.0,180883.2812809917
Laois,2019,4,2019 Q4,243.0,185565.2669547325
Laois,2020,1,2020 Q1,169.0,183403.6293491124
Laois,2020,2,2020 Q2,162.0,194928.06197530864
Laois,2020,3,2020 Q3,184.0,211878.5277173913
Laois,2020,4,2020 Q4,232.0,206995.94603448277
Laois,2021,1,2021 Q1,235.0,232430.1414042553
Laois,2021,2,2021 Q2,263.0,233476.42292775665
Laois,2021,3,2021 Q3,280.0,257143.74578571427
Laois,2021,4,2021 Q4,301.0,232645.11119601328
Laois,2022,1,2022 Q1,204.0,216214.1958823529
Laois,2022,2,2022 Q2,222.0,241797.1674774775
Laois,2022,3,2022 Q3,296.0,232411.6538175676
Laois,2022,4,2022 Q4,301.0,299858.4931229236
Laois,2023,1,2023 Q1,273.0,278891.88586080587
Laois,2023,2,2023 Q2,281.0,279683.1795017794
Laois,2023,3,2023 Q3,332.0,296945.67240963853
Laois,2023,4,2023 Q4,338.0,315520.76866863907
Laois,2024,1,2024 Q1,203.0,256680.3852216749
Laois,2024,2,2024 Q2,328.0,269436.0107621951
Laois,2024,3,2024 Q3,303.0,255205.10861386135
Laois,2024,4,2024 Q4,387.0,281533.6135142119
Laois,2025,1,2025 Q1,266.0,280665.8081578948
Laois,2025,2,2025 Q2,283.0,269528.1145936396
Laois,2025,3,2025 Q3,302.0,317336.49837748345
Laois,2025,4,2025 Q4,136.0,328451.9947058824
Leitrim,2010,1,2010 Q1,18.0,128986.90166666669
Leitrim,2010,2,2010 Q2,38.0,132496.45263157896
Leitrim,2010,3,2010 Q3,43.0,118194.84744186047
Leitrim,2010,4,2010 Q4,44.0,133615.005
Leitrim,2011,1,2011 Q1,37.0,107466.61405405404
Leitrim,2011,2,2011 Q2,34.0,134935.97088235294
Leitrim,2011,3,2011 Q3,47.0,108463.05127659575
Leitrim,2011,4,2011 Q4,64.0,98838.6771875
Leitrim,2012,1,2012 Q1,41.0,97796.1956097561
Leitrim,2012,2,2012 Q2,38.0,127668.67710526317
Leitrim,2012,3,2012 Q3,53.0,105571.13283018868
Leitrim,2012,4,2012 Q4,74.0,76248.76878378377
Leitrim,2013,1,2013 Q1,43.0,69185.35720930232
Leitrim,2013,2,2013 Q2,91.0,72949.8432967033
Leitrim,2013,3,2013 Q3,81.0,78180.83679012346
Leitrim,2013,4,2013 Q4,129.0,68385.21899224806
Leitrim,2014,1,2014 Q1,73.0,70285.33643835616
Leitrim,2014,2,2014 Q2,77.0,82230.78688311687
Leitrim,2014,3,2014 Q3,78.0,88039.14038461538
Leitrim,2014,4,2014 Q4,164.0,74661.44030487805
Leitrim,2015,1,2015 Q1,109.0,89231.54596330275
Leitrim,2015,2,2015 Q2,101.0,90291.10445544556
Leitrim,2015,3,2015 Q3,103.0,95345.66582524272
Leitrim,2015,4,2015 Q4,174.0,86392.91385057471
Leitrim,2016,1,2016 Q1,93.0,80443.51
Leitrim,2016,2,2016 Q2,133.0,80076.47218045114
Leitrim,2016,3,2016 Q3,121.0,91599.9665289256
Leitrim,2016,4,2016 Q4,161.0,97326.7291304348
Leitrim,2017,1,2017 Q1,116.0,91238.80103448276
Leitrim,2017,2,2017 Q2,117.0,99960.48384615385
Leitrim,2017,3,2017 Q3,121.0,113612.62785123968
Leitrim,2017,4,2017 Q4,146.0,97117.31095890413
Leitrim,2018,1,2018 Q1,120.0,111157.33491666666
Leitrim,2018,2,2018 Q2,105.0,107094.36466666666
Leitrim,2018,3,2018 Q3,126.0,111509.46642857142
Leitrim,2018,4,2018 Q4,144.0,115332.73909722222
Leitrim,2019,1,2019 Q1,97.0,102911.58329896908
Leitrim,2019,2,2019 Q2,97.0,116857.8287628866
Leitrim,2019,3,2019 Q3,122.0,119306.7868852459
Leitrim,2019,4,2019 Q4,148.0,118959.36614864864
Leitrim,2020,1,2020 Q1,97.0,113418.46391752578
Leitrim,2020,2,2020 Q2,72.0,124690.01555555554
Leitrim,2020,3,2020 Q3,94.0,121934.34702127658
Leitrim,2020,4,2020 Q4,182.0,131837.0223076923
Leitrim,2021,1,2021 Q1,128.0,133836.9603125
Leitrim,2021,2,2021 Q2,143.0,119582.92307692308
Leitrim,2021,3,2021 Q3,120.0,144649.23483333332
Leitrim,2021,4,2021 Q4,166.0,168750.84096385544
Leitrim,2022,1,2022 Q1,128.0,143030.09765625
Leitrim,2022,2,2022 Q2,131.0,158131.2454961832
Leitrim,2022,3,2022 Q3,122.0,172353.32786885247
Leitrim,2022,4,2022 Q4,191.0,190897.5353926701
Leitrim,2023,1,2023 Q1,115.0,169145.91304347827
Leitrim,2023,2,2023 Q2,107.0,152586.54205607477
Leitrim,2023,3,2023 Q3,145.0,177875.01744827587
Leitrim,2023,4,2023 Q4,166.0,179790.86210843374
Leitrim,2024,1,2024 Q1,102.0,192853.73696078436
Leitrim,2024,2,2024 Q2,126.0,175138.4619047619
Leitrim,2024,3,2024 Q3,122.0,188281.40663934423
Leitrim,2024,4,2024 Q4,143.0,203723.56993006996
Leitrim,2025,1,2025 Q1,93.0,184738.73634408604
Leitrim,2025,2,2025 Q2,116.0,217035.0220689655
Leitrim,2025,3,2025 Q3,111.0,243981.701981982
Leitrim,2025,4,2025 Q4,48.0,222193.7041666667
Limerick,2010,1,2010 Q1,151.0,198076.2265562914
Limerick,2010,2,2010 Q2,198.0,182556.3246969697
Limerick,2010,3,2010 Q3,205.0,194935.28224390245
Limerick,2010,4,2010 Q4,205.0,186404.70258536583
Limerick,2011,1,2011 Q1,148.0,186441.1550675676
Limerick,2011,2,2011 Q2,176.0,163253.5934090909
Limerick,2011,3,2011 Q3,206.0,177662.6172330097
Limerick,2011,4,2011 Q4,199.0,144996.79517587938
Limerick,2012,1,2012 Q1,159.0,145162.06874213836
Limerick,2012,2,2012 Q2,182.0,144568.7289010989
Limerick,2012,3,2012 Q3,200.0,159343.0659
Limerick,2012,4,2012 Q4,300.0,143986.3158
Limerick,2013,1,2013 Q1,156.0,134040.1535897436
Limerick,2013,2,2013 Q2,210.0,134856.75109523808
Limerick,2013,3,2013 Q3,255.0,149463.6283137255
Limerick,2013,4,2013 Q4,301.0,136181.85833887043
Limerick,2014,1,2014 Q1,206.0,120563.9381553398
Limerick,2014,2,2014 Q2,313.0,119195.94849840256
Limerick,2014,3,2014 Q3,404.0,128114.203490099
Limerick,2014,4,2014 Q4,718.0,115646.26444289694
Limerick,2015,1,2015 Q1,463.0,123628.5420302376
Limerick,2015,2,2015 Q2,413.0,131567.24648910412
Limerick,2015,3,2015 Q3,585.0,131559.9657948718
Limerick,2015,4,2015 Q4,569.0,158087.8772407733
Limerick,2016,1,2016 Q1,395.0,136136.24951898734
Limerick,2016,2,2016 Q2,447.0,138461.46921700225
Limerick,2016,3,2016 Q3,474.0,150363.93556962023
Limerick,2016,4,2016 Q4,621.0,149349.13922705312
Limerick,2017,1,2017 Q1,363.0,163410.36573002755
Limerick,2017,2,2017 Q2,507.0,157789.2343195266
Limerick,2017,3,2017 Q3,620.0,162428.18803225807
Limerick,2017,4,2017 Q4,613.0,174703.51004893964
Limerick,2018,1,2018 Q1,440.0,181464.97875
Limerick,2018,2,2018 Q2,493.0,190190.37610547667
Limerick,2018,3,2018 Q3,565.0,197216.22886725664
Limerick,2018,4,2018 Q4,657.0,200118.39722983257
Limerick,2019,1,2019 Q1,406.0,182710.61320197044
Limerick,2019,2,2019 Q2,491.0,213450.36594704687
Limerick,2019,3,2019 Q3,630.0,221082.4936190476
Limerick,2019,4,2019 Q4,651.0,181962.47847926267
Limerick,2020,1,2020 Q1,471.0,212300.68704883225
Limerick,2020,2,2020 Q2,327.0,206274.1980122324
Limerick,2020,3,2020 Q3,442.0,192037.84278280544
Limerick,2020,4,2020 Q4,645.0,233121.4211472868
Limerick,2021,1,2021 Q1,460.0,210226.84495652176
Limerick,2021,2,2021 Q2,485.0,260406.7601030928
Limerick,2021,3,2021 Q3,598.0,227447.91083612043
Limerick,2021,4,2021 Q4,645.0,250975.6689767442
Limerick,2022,1,2022 Q1,426.0,248533.2041549296
Limerick,2022,2,2022 Q2,563.0,259896.6908348135
Limerick,2022,3,2022 Q3,602.0,254367.1326578073
Limerick,2022,4,2022 Q4,710.0,308414.2645915493
Limerick,2023,1,2023 Q1,457.0,257400.4200656455
Limerick,2023,2,2023 Q2,495.0,252794.03824242423
Limerick,2023,3,2023 Q3,608.0,256070.12121710525
Limerick,2023,4,2023 Q4,667.0,351593.02193403296
Limerick,2024,1,2024 Q1,423.0,258259.54891252957
Limerick,2024,2,2024 Q2,498.0,325396.68504016066
Limerick,2024,3,2024 Q3,538.0,300986.5980111524
Limerick,2024,4,2024 Q4,651.0,363988.3548079877
Limerick,2025,1,2025 Q1,443.0,330299.9069074492
Limerick,2025,2,2025 Q2,600.0,310794.9999
Limerick,2025,3,2025 Q3,562.0,305233.8644128114
Limerick,2025,4,2025 Q4,221.0,328189.3657918552
Longford,2010,1,2010 Q1,26.0,147357.07461538463
Longford,2010,2,2010 Q2,40.0,132667.72925
Longford,2010,3,2010 Q3,39.0,144135.32717948718
Longford,2010,4,2010 Q4,40.0,125538.93925
Longford,2011,1,2011 Q1,40.0,101418.62175
Longford,2011,2,2011 Q2,33.0,117522.14636363636
Longford,2011,3,2011 Q3,36.0,94957.73638888888
Longford,2011,4,2011 Q4,33.0,88726.3603030303
Longford,2012,1,2012 Q1,23.0,78239.52173913043
Longford,2012,2,2012 Q2,40.0,84609.46625
Longford,2012,3,2012 Q3,52.0,100924.37230769232
Longford,2012,4,2012 Q4,96.0,73700.34895833333
Longford,2013,1,2013 Q1,52.0,60928.18442307692
Longford,2013,2,2013 Q2,70.0,61923.41542857143
Longford,2013,3,2013 Q3,56.0,73474.74053571429
Longford,2013,4,2013 Q4,86.0,69826.31976744186
Longford,2014,1,2014 Q1,74.0,60721.34851351351
Longford,2014,2,2014 Q2,87.0,72550.3759770115
Longford,2014,3,2014 Q3,127.0,69042.58125984253
Longford,2014,4,2014 Q4,162.0,70390.41611111112
Longford,2015,1,2015 Q1,137.0,66974.97605839417
Longford,2015,2,2015 Q2,116.0,69981.00974137931
Longford,2015,3,2015 Q3,104.0,74202.10365384616
Longford,2015,4,2015 Q4,131.0,78363.56954198473
Longford,2016,1,2016 Q1,95.0,78394.24399999999
Longford,2016,2,2016 Q2,128.0,73115.1440625
Longford,2016,3,2016 Q3,104.0,96018.00663461538
Longford,2016,4,2016 Q4,136.0,86996.75323529412
Longford,2017,1,2017 Q1,89.0,83370.84269662922
Longford,2017,2,2017 Q2,101.0,98029.84158415842
Longford,2017,3,2017 Q3,103.0,97167.21242718448
Longford,2017,4,2017 Q4,118.0,103165.67796610168
Longford,2018,1,2018 Q1,94.0,92548.5779787234
Longford,2018,2,2018 Q2,126.0,94696.71992063492
Longford,2018,3,2018 Q3,121.0,102419.20438016528
Longford,2018,4,2018 Q4,134.0,124269.695
Longford,2019,1,2019 Q1,96.0,112146.71875
Longford,2019,2,2019 Q2,93.0,118808.5429032258
Longford,2019,3,2019 Q3,135.0,129981.58696296296
Longford,2019,4,2019 Q4,131.0,127488.76007633588
Longford,2020,1,2020 Q1,97.0,152735.0618556701
Longford,2020,2,2020 Q2,78.0,102214.09358974358
Longford,2020,3,2020 Q3,95.0,119612.03157894735
Longford,2020,4,2020 Q4,130.0,146056.02446153847
Longford,2021,1,2021 Q1,145.0,162428.43213793103
Longford,2021,2,2021 Q2,141.0,133809.37127659575
Longford,2021,3,2021 Q3,147.0,166030.5011564626
Longford,2021,4,2021 Q4,179.0,174975.25972067038
Longford,2022,1,2022 Q1,128.0,158702.0625
Longford,2022,2,2022 Q2,129.0,148335.93023255814
Longford,2022,3,2022 Q3,128.0,169795.77453125
Longford,2022,4,2022 Q4,164.0,159277.88731707318
Longford,2023,1,2023 Q1,108.0,164782.44046296296
Longford,2023,2,2023 Q2,111.0,179476.1736036036
Longford,2023,3,2023 Q3,121.0,189319.82719008264
Longford,2023,4,2023 Q4,155.0,222429.6826451613
Longford,2024,1,2024 Q1,115.0,174210.02608695652
Longford,2024,2,2024 Q2,119.0,190294.85613445376
Longford,2024,3,2024 Q3,106.0,211869.26264150944
Longford,2024,4,2024 Q4,139.0,187369.74820143884
Longford,2025,1,2025 Q1,126.0,178473.49206349207
Longford,2025,2,2025 Q2,120.0,227403.44166666668
Longford,2025,3,2025 Q3,129.0,201419.6124031008
Longford,2025,4,2025 Q4,47.0,198635.53127659572
Louth,2010,1,2010 Q1,134.0,224648.4682089552
Louth,2010,2,2010 Q2,112.0,182319.22098214287
Louth,2010,3,2010 Q3,145.0,187252.83137931037
Louth,2010,4,2010 Q4,148.0,165737.35520270272
Louth,2011,1,2011 Q1,120.0,178120.83933333334
Louth,2011,2,2011 Q2,98.0,149200.23112244898
Louth,2011,3,2011 Q3,104.0,156444.38317307693
Louth,2011,4,2011 Q4,140.0,146551.91785714286
Louth,2012,1,2012 Q1,119.0,135964.6655462185
Louth,2012,2,2012 Q2,147.0,167528.25925170069
Louth,2012,3,2012 Q3,146.0,140716.45267123287
Louth,2012,4,2012 Q4,257.0,125719.57704280155
Louth,2013,1,2013 Q1,154.0,123143.31954545456
Louth,2013,2,2013 Q2,176.0,131154.95221590908
Louth,2013,3,2013 Q3,180.0,118885.67077777776
Louth,2013,4,2013 Q4,256.0,136836.4353515625
Louth,2014,1,2014 Q1,187.0,115318.8059893048
Louth,2014,2,2014 Q2,239.0,122395.98610878662
Louth,2014,3,2014 Q3,329.0,135817.0026443769
Louth,2014,4,2014 Q4,435.0,134020.36744827585
Louth,2015,1,2015 Q1,253.0,138650.05154150198
Louth,2015,2,2015 Q2,261.0,142709.51923371648
Louth,2015,3,2015 Q3,375.0,137399.39728
Louth,2015,4,2015 Q4,403.0,149748.32796526054
Louth,2016,1,2016 Q1,239.0,143478.25121338913
Louth,2016,2,2016 Q2,310.0,157175.4062903226
Louth,2016,3,2016 Q3,325.0,163341.52923076923
Louth,2016,4,2016 Q4,383.0,186398.34248041772
Louth,2017,1,2017 Q1,291.0,354551.542886598
Louth,2017,2,2017 Q2,304.0,189860.65907894736
Louth,2017,3,2017 Q3,344.0,207208.8750872093
Louth,2017,4,2017 Q4,433.0,194227.1466281755
Louth,2018,1,2018 Q1,316.0,210400.66933544303
Louth,2018,2,2018 Q2,324.0,193643.36746913585
Louth,2018,3,2018 Q3,418.0,209230.26918660285
Louth,2018,4,2018 Q4,532.0,204966.67975563908
Louth,2019,1,2019 Q1,341.0,203197.3580645161
Louth,2019,2,2019 Q2,450.0,218423.3218666667
Louth,2019,3,2019 Q3,457.0,199647.82380743985
Louth,2019,4,2019 Q4,482.0,239395.4569087137
Louth,2020,1,2020 Q1,316.0,229080.9162974684
Louth,2020,2,2020 Q2,205.0,211182.7073170732
Louth,2020,3,2020 Q3,305.0,222746.06331147545
Louth,2020,4,2020 Q4,541.0,217661.87767097965
Louth,2021,1,2021 Q1,329.0,242717.54604863224
Louth,2021,2,2021 Q2,370.0,239976.1468648649
Louth,2021,3,2021 Q3,459.0,244578.88209150327
Louth,2021,4,2021 Q4,545.0,295536.46420183487
Louth,2022,1,2022 Q1,368.0,237174.4325
Louth,2022,2,2022 Q2,436.0,252484.62855504587
Louth,2022,3,2022 Q3,443.0,253135.41119638825
Louth,2022,4,2022 Q4,585.0,278886.12263247865
Louth,2023,1,2023 Q1,382.0,271568.2109685864
Louth,2023,2,2023 Q2,409.0,278557.5269193154
Louth,2023,3,2023 Q3,445.0,274050.2871460674
Louth,2023,4,2023 Q4,565.0,330980.89722123893
Louth,2024,1,2024 Q1,291.0,281138.4056013746
Louth,2024,2,2024 Q2,392.0,298313.0086989796
Louth,2024,3,2024 Q3,504.0,308394.67819444445
Louth,2024,4,2024 Q4,578.0,340844.9753460208
Louth,2025,1,2025 Q1,413.0,306073.5400968523
Louth,2025,2,2025 Q2,421.0,391132.790760095
Louth,2025,3,2025 Q3,532.0,346527.6262593985
Louth,2025,4,2025 Q4,212.0,418637.7868867924
Mayo,2010,1,2010 Q1,77.0,163640.3555844156
Mayo,2010,2,2010 Q2,99.0,158336.86232323232
Mayo,2010,3,2010 Q3,125.0,163335.51728
Mayo,2010,4,2010 Q4,123.0,151086.8911382114
Mayo,2011,1,2011 Q1,88.0,151878.11022727273
Mayo,2011,2,2011 Q2,87.0,135535.62367816092
Mayo,2011,3,2011 Q3,132.0,127261.96037878787
Mayo,2011,4,2011 Q4,155.0,145508.87283870968
Mayo,2012,1,2012 Q1,108.0,111516.55833333332
Mayo,2012,2,2012 Q2,128.0,106562.965546875
Mayo,2012,3,2012 Q3,140.0,110895.3
Mayo,2012,4,2012 Q4,216.0,104456.31407407408
Mayo,2013,1,2013 Q1,112.0,108411.95053571428
Mayo,2013,2,2013 Q2,143.0,97615.73342657344
Mayo,2013,3,2013 Q3,167.0,112219.85221556888
Mayo,2013,4,2013 Q4,196.0,116942.21316326532
Mayo,2014,1,2014 Q1,159.0,99461.76226415094
Mayo,2014,2,2014 Q2,256.0,99605.228359375
Mayo,2014,3,2014 Q3,286.0,96765.81451048952
Mayo,2014,4,2014 Q4,367.0,121074.79798365122
Mayo,2015,1,2015 Q1,293.0,128076.38126279863
Mayo,2015,2,2015 Q2,306.0,112013.01049019607
Mayo,2015,3,2015 Q3,327.0,116546.15082568808
Mayo,2015,4,2015 Q4,391.0,102863.22890025577
Mayo,2016,1,2016 Q1,287.0,107816.56707317074
Mayo,2016,2,2016 Q2,276.0,113698.63260869564
Mayo,2016,3,2016 Q3,306.0,117399.9895751634
Mayo,2016,4,2016 Q4,360.0,111246.35119444445
Mayo,2017,1,2017 Q1,263.0,109934.13653992396
Mayo,2017,2,2017 Q2,320.0,130361.49471875
Mayo,2017,3,2017 Q3,329.0,128920.78738601824
Mayo,2017,4,2017 Q4,380.0,148100.0042368421
Mayo,2018,1,2018 Q1,273.0,126314.76241758242
Mayo,2018,2,2018 Q2,321.0,132000.15255451712
Mayo,2018,3,2018 Q3,337.0,129281.03575667656
Mayo,2018,4,2018 Q4,357.0,144159.49974789916
Mayo,2019,1,2019 Q1,288.0,130074.57350694443
Mayo,2019,2,2019 Q2,311.0,143236.06974276528
Mayo,2019,3,2019 Q3,344.0,140652.72438953488
Mayo,2019,4,2019 Q4,376.0,144209.51837765955
Mayo,2020,1,2020 Q1,299.0,141701.98428093645
Mayo,2020,2,2020 Q2,207.0,130624.92927536232
Mayo,2020,3,2020 Q3,298.0,128480.55983221476
Mayo,2020,4,2020 Q4,445.0,165253.12370786516
Mayo,2021,1,2021 Q1,335.0,150101.10352238806
Mayo,2021,2,2021 Q2,379.0,158338.73833773087
Mayo,2021,3,2021 Q3,431.0,167600.49113689098
Mayo,2021,4,2021 Q4,435.0,185406.13816091957
Mayo,2022,1,2022 Q1,329.0,164705.20215805472
Mayo,2022,2,2022 Q2,398.0,179041.85793969847
Mayo,2022,3,2022 Q3,424.0,204583.17530660375
Mayo,2022,4,2022 Q4,411.0,220651.19318734796
Mayo,2023,1,2023 Q1,299.0,189784.093277592
Mayo,2023,2,2023 Q2,353.0,202337.90960339943
Mayo,2023,3,2023 Q3,425.0,201089.3481882353
Mayo,2023,4,2023 Q4,425.0,219911.5715764706
Mayo,2024,1,2024 Q1,279.0,206699.838530466
Mayo,2024,2,2024 Q2,356.0,224536.0728651685
Mayo,2024,3,2024 Q3,374.0,228089.63270053477
Mayo,2024,4,2024 Q4,401.0,232087.1928678304
Mayo,2025,1,2025 Q1,303.0,220798.66636963692
Mayo,2025,2,2025 Q2,381.0,212442.5581889764
Mayo,2025,3,2025 Q3,362.0,246375.3570718232
Mayo,2025,4,2025 Q4,135.0,246200.04407407407
Meath,2010,1,2010 Q1,164.0,222877.03085365857
Meath,2010,2,2010 Q2,210.0,243811.49576190475
Meath,2010,3,2010 Q3,266.0,221306.3701879699
Meath,2010,4,2010 Q4,215.0,218090.27497674417
Meath,2011,1,2011 Q1,135.0,215494.3317037037
Meath,2011,2,2011 Q2,148.0,182395.20763513516
Meath,2011,3,2011 Q3,164.0,196514.3899390244
Meath,2011,4,2011 Q4,171.0,197238.6996491228
Meath,2012,1,2012 Q1,134.0,168091.76432835823
Meath,2012,2,2012 Q2,167.0,194110.0716766467
Meath,2012,3,2012 Q3,212.0,177200.17801886794
Meath,2012,4,2012 Q4,297.0,174221.94225589227
Meath,2013,1,2013 Q1,152.0,146796.6851973684
Meath,2013,2,2013 Q2,220.0,172869.77713636364
Meath,2013,3,2013 Q3,265.0,175609.99075471697
Meath,2013,4,2013 Q4,368.0,176033.25046195652
Meath,2014,1,2014 Q1,228.0,177889.87078947367
Meath,2014,2,2014 Q2,306.0,184143.64816993463
Meath,2014,3,2014 Q3,491.0,189542.9707739308
Meath,2014,4,2014 Q4,622.0,190274.76355305468
Meath,2015,1,2015 Q1,342.0,202781.4859064328
Meath,2015,2,2015 Q2,360.0,191068.25172222225
Meath,2015,3,2015 Q3,442.0,215010.8857239819
Meath,2015,4,2015 Q4,516.0,227093.22131782948
Meath,2016,1,2016 Q1,293.0,224755.80006825936
Meath,2016,2,2016 Q2,386.0,219525.0994300518
Meath,2016,3,2016 Q3,482.0,222047.17997925312
Meath,2016,4,2016 Q4,563.0,232652.4087033748
Meath,2017,1,2017 Q1,414.0,235673.95903381644
Meath,2017,2,2017 Q2,577.0,233801.74662045063
Meath,2017,3,2017 Q3,586.0,254152.0910409556
Meath,2017,4,2017 Q4,781.0,256941.8937003841
Meath,2018,1,2018 Q1,488.0,254455.2606967213
Meath,2018,2,2018 Q2,576.0,259385.55875
Meath,2018,3,2018 Q3,637.0,263973.6724646782
Meath,2018,4,2018 Q4,898.0,274826.5334521158
Meath,2019,1,2019 Q1,515.0,267644.30504854367
Meath,2019,2,2019 Q2,631.0,277335.24906497623
Meath,2019,3,2019 Q3,728.0,270725.5476648352
Meath,2019,4,2019 Q4,827.0,287988.1687061669
Meath,2020,1,2020 Q1,515.0,269154.58458252426
Meath,2020,2,2020 Q2,374.0,302361.50128342246
Meath,2020,3,2020 Q3,476.0,283833.9343697479
Meath,2020,4,2020 Q4,942.0,286610.7576220807
Meath,2021,1,2021 Q1,578.0,285004.2896193772
Meath,2021,2,2021 Q2,536.0,317076.9229291045
Meath,2021,3,2021 Q3,633.0,312842.20781990525
Meath,2021,4,2021 Q4,864.0,317090.70851851854
Meath,2022,1,2022 Q1,561.0,312262.74934046343
Meath,2022,2,2022 Q2,662.0,323838.77817220544
Meath,2022,3,2022 Q3,719.0,337348.7742141864
Meath,2022,4,2022 Q4,883.0,356081.0578822197
Meath,2023,1,2023 Q1,522.0,353788.27940613026
Meath,2023,2,2023 Q2,715.0,343000.33400000003
Meath,2023,3,2023 Q3,720.0,365684.6677638889
Meath,2023,4,2023 Q4,815.0,419692.12424539874
Meath,2024,1,2024 Q1,529.0,342558.1273345936
Meath,2024,2,2024 Q2,577.0,391236.4941594454
Meath,2024,3,2024 Q3,734.0,361019.40423705726
Meath,2024,4,2024 Q4,761.0,404681.9451116952
Meath,2025,1,2025 Q1,464.0,369207.3909913793
Meath,2025,2,2025 Q2,712.0,395128.851502809
Meath,2025,3,2025 Q3,734.0,404080.25577656674
Meath,2025,4,2025 Q4,301.0,393986.495614618
Monaghan,2010,1,2010 Q1,52.0,197179.69153846157
Monaghan,2010,2,2010 Q2,61.0,140913.87786885246
Monaghan,2010,3,2010 Q3,43.0,133351.06209302324
Monaghan,2010,4,2010 Q4,65.0,142399.6923076923
Monaghan,2011,1,2011 Q1,27.0,143508.20481481482
Monaghan,2011,2,2011 Q2,45.0,132607.55533333335
Monaghan,2011,3,2011 Q3,25.0,133705.68
Monaghan,2011,4,2011 Q4,52.0,119868.84923076924
Monaghan,2012,1,2012 Q1,37.0,94487.27027027028
Monaghan,2012,2,2012 Q2,34.0,102908.7938235294
Monaghan,2012,3,2012 Q3,49.0,112193.8248979592
Monaghan,2012,4,2012 Q4,56.0,115519.04071428571
Monaghan,2013,1,2013 Q1,60.0,84031.95
Monaghan,2013,2,2013 Q2,40.0,75795.801
Monaghan,2013,3,2013 Q3,60.0,106836.6185
Monaghan,2013,4,2013 Q4,83.0,94432.08036144578
Monaghan,2014,1,2014 Q1,48.0,101506.01166666666
Monaghan,2014,2,2014 Q2,99.0,72446.07070707071
Monaghan,2014,3,2014 Q3,74.0,102812.02094594594
Monaghan,2014,4,2014 Q4,120.0,115678.73775
Monaghan,2015,1,2015 Q1,81.0,109595.68839506172
Monaghan,2015,2,2015 Q2,74.0,106257.8108108108
Monaghan,2015,3,2015 Q3,79.0,121180.92683544304
Monaghan,2015,4,2015 Q4,118.0,111874.02542372882
Monaghan,2016,1,2016 Q1,101.0,101749.64108910892
Monaghan,2016,2,2016 Q2,100.0,112372.8364
Monaghan,2016,3,2016 Q3,90.0,118563.63055555556
Monaghan,2016,4,2016 Q4,122.0,136557.63172131148
Monaghan,2017,1,2017 Q1,119.0,125940.38512605042
Monaghan,2017,2,2017 Q2,102.0,147870.91176470587
Monaghan,2017,3,2017 Q3,93.0,137319.1956989247
Monaghan,2017,4,2017 Q4,161.0,140292.46155279502
Monaghan,2018,1,2018 Q1,87.0,143809.75563218392
Monaghan,2018,2,2018 Q2,86.0,148385.02837209302
Monaghan,2018,3,2018 Q3,99.0,171596.90707070706
Monaghan,2018,4,2018 Q4,162.0,127216.16339506173
Monaghan,2019,1,2019 Q1,70.0,151157.14285714287
Monaghan,2019,2,2019 Q2,105.0,140694.68847619047
Monaghan,2019,3,2019 Q3,89.0,144006.12550561797
Monaghan,2019,4,2019 Q4,127.0,168987.01401574805
Monaghan,2020,1,2020 Q1,97.0,148404.20618556702
Monaghan,2020,2,2020 Q2,77.0,124188.9448051948
Monaghan,2020,3,2020 Q3,90.0,147828.12511111112
Monaghan,2020,4,2020 Q4,109.0,242471.4846788991
Monaghan,2021,1,2021 Q1,110.0,156917.902
Monaghan,2021,2,2021 Q2,116.0,163003.63594827586
Monaghan,2021,3,2021 Q3,106.0,179113.35745283018
Monaghan,2021,4,2021 Q4,130.0,187759.22815384617
Monaghan,2022,1,2022 Q1,104.0,185038.41903846152
Monaghan,2022,2,2022 Q2,131.0,203164.4471755725
Monaghan,2022,3,2022 Q3,133.0,247931.43015037596
Monaghan,2022,4,2022 Q4,179.0,258454.98810055864
Monaghan,2023,1,2023 Q1,120.0,209152.52491666665
Monaghan,2023,2,2023 Q2,108.0,217251.02175925928
Monaghan,2023,3,2023 Q3,157.0,224292.32471337577
Monaghan,2023,4,2023 Q4,155.0,197531.464
Monaghan,2024,1,2024 Q1,102.0,244096.4781372549
Monaghan,2024,2,2024 Q2,96.0,235015.54083333336
Monaghan,2024,3,2024 Q3,113.0,213832.35752212387
Monaghan,2024,4,2024 Q4,147.0,259317.6951020408
Monaghan,2025,1,2025 Q1,92.0,288926.01836956525
Monaghan,2025,2,2025 Q2,108.0,210158.17592592596
Monaghan,2025,3,2025 Q3,129.0,289373.344883721
Monaghan,2025,4,2025 Q4,58.0,205374.7310344828
Offaly,2010,1,2010 Q1,47.0,148422.46234042555
Offaly,2010,2,2010 Q2,66.0,172493.36606060606
Offaly,2010,3,2010 Q3,58.0,174167.32431034485
Offaly,2010,4,2010 Q4,73.0,143341.54273972602
Offaly,2011,1,2011 Q1,61.0,140493.28770491804
Offaly,2011,2,2011 Q2,40.0,127928.658
Offaly,2011,3,2011 Q3,44.0,142418.42522727273
Offaly,2011,4,2011 Q4,65.0,122609.63892307691
Offaly,2012,1,2012 Q1,57.0,136937.55157894737
Offaly,2012,2,2012 Q2,60.0,112526.9295
Offaly,2012,3,2012 Q3,72.0,127534.84722222222
Offaly,2012,4,2012 Q4,109.0,111587.14403669724
Offaly,2013,1,2013 Q1,58.0,97680.2672413793
Offaly,2013,2,2013 Q2,69.0,108624.07463768116
Offaly,2013,3,2013 Q3,84.0,107129.90535714288
Offaly,2013,4,2013 Q4,116.0,93473.87931034484
Offaly,2014,1,2014 Q1,94.0,110041.28851063827
Offaly,2014,2,2014 Q2,101.0,116210.67405940594
Offaly,2014,3,2014 Q3,120.0,133157.60608333335
Offaly,2014,4,2014 Q4,189.0,113594.68746031748
Offaly,2015,1,2015 Q1,139.0,105568.4454676259
Offaly,2015,2,2015 Q2,136.0,102806.23419117648
Offaly,2015,3,2015 Q3,125.0,113639.28568
Offaly,2015,4,2015 Q4,181.0,119375.2691160221
Offaly,2016,1,2016 Q1,126.0,96542.94444444444
Offaly,2016,2,2016 Q2,134.0,134222.59507462685
Offaly,2016,3,2016 Q3,158.0,115387.47474683545
Offaly,2016,4,2016 Q4,204.0,119576.71794117648
Offaly,2017,1,2017 Q1,140.0,140981.07992857145
Offaly,2017,2,2017 Q2,173.0,129261.67358381503
Offaly,2017,3,2017 Q3,187.0,149970.22951871657
Offaly,2017,4,2017 Q4,192.0,146833.35489583333
Offaly,2018,1,2018 Q1,143.0,142937.31496503495
Offaly,2018,2,2018 Q2,150.0,152417.7544666667
Offaly,2018,3,2018 Q3,168.0,151546.21398809523
Offaly,2018,4,2018 Q4,201.0,157433.16925373135
Offaly,2019,1,2019 Q1,139.0,168018.1742446043
Offaly,2019,2,2019 Q2,169.0,146007.74177514794
Offaly,2019,3,2019 Q3,191.0,160363.51659685865
Offaly,2019,4,2019 Q4,207.0,159537.26763285024
Offaly,2020,1,2020 Q1,144.0,158034.15180555556
Offaly,2020,2,2020 Q2,128.0,159284.006796875
Offaly,2020,3,2020 Q3,126.0,175523.96007936506
Offaly,2020,4,2020 Q4,243.0,172432.57576131687
Offaly,2021,1,2021 Q1,171.0,181170.4152046784
Offaly,2021,2,2021 Q2,159.0,170965.8364779874
Offaly,2021,3,2021 Q3,208.0,192477.15697115383
Offaly,2021,4,2021 Q4,270.0,209186.42533333332
Offaly,2022,1,2022 Q1,220.0,218943.25459090908
Offaly,2022,2,2022 Q2,236.0,219262.93364406785
Offaly,2022,3,2022 Q3,258.0,215538.9877131783
Offaly,2022,4,2022 Q4,218.0,209247.2417889908
Offaly,2023,1,2023 Q1,154.0,234364.7997402597
Offaly,2023,2,2023 Q2,248.0,235850.5210483871
Offaly,2023,3,2023 Q3,225.0,231269.4071555556
Offaly,2023,4,2023 Q4,251.0,228221.74884462156
Offaly,2024,1,2024 Q1,188.0,240810.8203723404
Offaly,2024,2,2024 Q2,244.0,250211.8917622951
Offaly,2024,3,2024 Q3,227.0,271418.7844493392
Offaly,2024,4,2024 Q4,214.0,313891.48280373827
Offaly,2025,1,2025 Q1,160.0,253638.9043125
Offaly,2025,2,2025 Q2,203.0,324843.1813793103
Offaly,2025,3,2025 Q3,181.0,263374.9090607735
Offaly,2025,4,2025 Q4,98.0,272883.82010204083
Roscommon,2010,1,2010 Q1,60.0,141365.93466666667
Roscommon,2010,2,2010 Q2,68.0,131325.43941176473
Roscommon,2010,3,2010 Q3,80.0,148808.0435
Roscommon,2010,4,2010 Q4,78.0,128642.76923076923
Roscommon,2011,1,2011 Q1,40.0,130868.52575
Roscommon,2011,2,2011 Q2,63.0,110419.04492063491
Roscommon,2011,3,2011 Q3,59.0,112218.91525423728
Roscommon,2011,4,2011 Q4,71.0,85865.94830985916
Roscommon,2012,1,2012 Q1,48.0,111334.74125
Roscommon,2012,2,2012 Q2,79.0,82727.45569620254
Roscommon,2012,3,2012 Q3,104.0,82354.85980769231
Roscommon,2012,4,2012 Q4,130.0,85643.87138461538
Roscommon,2013,1,2013 Q1,88.0,82759.45613636363
Roscommon,2013,2,2013 Q2,117.0,83051.24452991452
Roscommon,2013,3,2013 Q3,155.0,76235.84193548387
Roscommon,2013,4,2013 Q4,158.0,70294.08462025315
Roscommon,2014,1,2014 Q1,116.0,73146.44534482759
Roscommon,2014,2,2014 Q2,136.0,75360.33088235294
Roscommon,2014,3,2014 Q3,121.0,78584.20661157025
Roscommon,2014,4,2014 Q4,196.0,73421.20229591837
Roscommon,2015,1,2015 Q1,133.0,78477.18045112782
Roscommon,2015,2,2015 Q2,219.0,74280.64648401826
Roscommon,2015,3,2015 Q3,151.0,89644.28695364238
Roscommon,2015,4,2015 Q4,220.0,84617.7505
Roscommon,2016,1,2016 Q1,134.0,80280.95171641791
Roscommon,2016,2,2016 Q2,145.0,99101.9232413793
Roscommon,2016,3,2016 Q3,190.0,93031.36684210526
Roscommon,2016,4,2016 Q4,216.0,92916.18518518518
Roscommon,2017,1,2017 Q1,144.0,107605.10111111111
Roscommon,2017,2,2017 Q2,182.0,103161.47170329672
Roscommon,2017,3,2017 Q3,213.0,105664.51309859156
Roscommon,2017,4,2017 Q4,200.0,116151.1786
Roscommon,2018,1,2018 Q1,169.0,122317.83431952662
Roscommon,2018,2,2018 Q2,212.0,107048.06108490564
Roscommon,2018,3,2018 Q3,244.0,112835.81327868853
Roscommon,2018,4,2018 Q4,254.0,119880.49248031496
Roscommon,2019,1,2019 Q1,181.0,125780.10497237567
Roscommon,2019,2,2019 Q2,175.0,125989.22828571429
Roscommon,2019,3,2019 Q3,217.0,129923.47004608296
Roscommon,2019,4,2019 Q4,244.0,121136.33327868851
Roscommon,2020,1,2020 Q1,182.0,116818.16532967032
Roscommon,2020,2,2020 Q2,120.0,109772.914
Roscommon,2020,3,2020 Q3,170.0,119160.34852941176
Roscommon,2020,4,2020 Q4,268.0,128200.38451492536
Roscommon,2021,1,2021 Q1,201.0,136578.25208955226
Roscommon,2021,2,2021 Q2,209.0,133936.09837320572
Roscommon,2021,3,2021 Q3,244.0,156444.05209016392
Roscommon,2021,4,2021 Q4,280.0,152381.81382142857
Roscommon,2022,1,2022 Q1,212.0,151789.00683962263
Roscommon,2022,2,2022 Q2,213.0,188472.750657277
Roscommon,2022,3,2022 Q3,230.0,176706.9496521739
Roscommon,2022,4,2022 Q4,285.0,190341.11371929824
Roscommon,2023,1,2023 Q1,191.0,168822.61057591625
Roscommon,2023,2,2023 Q2,189.0,169821.75116402117
Roscommon,2023,3,2023 Q3,236.0,181266.77720338985
Roscommon,2023,4,2023 Q4,280.0,193347.21196428573
Roscommon,2024,1,2024 Q1,162.0,187959.9638271605
Roscommon,2024,2,2024 Q2,217.0,218425.3653456221
Roscommon,2024,3,2024 Q3,187.0,223898.042513369
Roscommon,2024,4,2024 Q4,235.0,206731.5394893617
Roscommon,2025,1,2025 Q1,136.0,197747.50801470588
Roscommon,2025,2,2025 Q2,196.0,229652.50224489797
Roscommon,2025,3,2025 Q3,181.0,215260.65331491712
Roscommon,2025,4,2025 Q4,88.0,222669.92488636365
Sligo,2010,1,2010 Q1,53.0,180911.08075471697
Sligo,2010,2,2010 Q2,87.0,156582.65333333332
Sligo,2010,3,2010 Q3,82.0,161751.39060975608
Sligo,2010,4,2010 Q4,100.0,160683.2268
Sligo,2011,1,2011 Q1,49.0,227818.76408163263
Sligo,2011,2,2011 Q2,34.0,127346.09323529412
Sligo,2011,3,2011 Q3,67.0,117907.78059701492
Sligo,2011,4,2011 Q4,84.0,186362.5872619048
Sligo,2012,1,2012 Q1,58.0,108407.36206896552
Sligo,2012,2,2012 Q2,81.0,109399.87654320987
Sligo,2012,3,2012 Q3,93.0,120696.85741935484
Sligo,2012,4,2012 Q4,144.0,112804.00173611112
Sligo,2013,1,2013 Q1,73.0,87163.8904109589
Sligo,2013,2,2013 Q2,100.0,113360.4244
Sligo,2013,3,2013 Q3,104.0,113778.5660576923
Sligo,2013,4,2013 Q4,146.0,113925.95746575342
Sligo,2014,1,2014 Q1,115.0,127349.25817391304
Sligo,2014,2,2014 Q2,148.0,109128.50716216216
Sligo,2014,3,2014 Q3,190.0,115098.0224736842
Sligo,2014,4,2014 Q4,251.0,114579.88613545816
Sligo,2015,1,2015 Q1,169.0,116479.894556213
Sligo,2015,2,2015 Q2,188.0,115183.13138297873
Sligo,2015,3,2015 Q3,155.0,126495.94193548388
Sligo,2015,4,2015 Q4,159.0,142288.38188679246
Sligo,2016,1,2016 Q1,140.0,120672.97935714286
Sligo,2016,2,2016 Q2,235.0,82801.24957446808
Sligo,2016,3,2016 Q3,191.0,123560.88481675393
Sligo,2016,4,2016 Q4,222.0,142315.2454054054
Sligo,2017,1,2017 Q1,141.0,126660.70794326242
Sligo,2017,2,2017 Q2,190.0,134495.0795263158
Sligo,2017,3,2017 Q3,181.0,142517.87309392265
Sligo,2017,4,2017 Q4,269.0,136812.01293680296
Sligo,2018,1,2018 Q1,171.0,152051.8022222222
Sligo,2018,2,2018 Q2,170.0,120631.72329411763
Sligo,2018,3,2018 Q3,255.0,151696.84733333334
Sligo,2018,4,2018 Q4,356.0,134473.42449438202
Sligo,2019,1,2019 Q1,174.0,146973.2347126437
Sligo,2019,2,2019 Q2,184.0,137597.8347826087
Sligo,2019,3,2019 Q3,255.0,141746.4476470588
Sligo,2019,4,2019 Q4,257.0,165045.983151751
Sligo,2020,1,2020 Q1,186.0,132293.87838709677
Sligo,2020,2,2020 Q2,108.0,145314.61388888888
Sligo,2020,3,2020 Q3,131.0,151666.63610687022
Sligo,2020,4,2020 Q4,250.0,155827.348
Sligo,2021,1,2021 Q1,170.0,159123.8535882353
Sligo,2021,2,2021 Q2,251.0,171375.55545816734
Sligo,2021,3,2021 Q3,223.0,180382.22156950677
Sligo,2021,4,2021 Q4,310.0,185818.56716129032
Sligo,2022,1,2022 Q1,204.0,187859.49705882356
Sligo,2022,2,2022 Q2,241.0,184273.3668879668
Sligo,2022,3,2022 Q3,249.0,215863.89610441768
Sligo,2022,4,2022 Q4,296.0,206103.45135135137
Sligo,2023,1,2023 Q1,196.0,204895.20520408163
Sligo,2023,2,2023 Q2,194.0,207895.1423195876
Sligo,2023,3,2023 Q3,255.0,221236.1351764706
Sligo,2023,4,2023 Q4,225.0,223861.05746666668
Sligo,2024,1,2024 Q1,145.0,231437.21200000003
Sligo,2024,2,2024 Q2,176.0,220359.60272727272
Sligo,2024,3,2024 Q3,202.0,254467.6168316832
Sligo,2024,4,2024 Q4,224.0,275842.9065178572
Sligo,2025,1,2025 Q1,169.0,245841.3879881657
Sligo,2025,2,2025 Q2,189.0,265124.2092063492
Sligo,2025,3,2025 Q3,203.0,268671.3513300493
Sligo,2025,4,2025 Q4,111.0,256152.41396396395
Tipperary,2010,1,2010 Q1,117.0,161691.22777777776
Tipperary,2010,2,2010 Q2,126.0,168286.8838888889
Tipperary,2010,3,2010 Q3,143.0,166652.5640559441
Tipperary,2010,4,2010 Q4,169.0,151355.38343195268
Tipperary,2011,1,2011 Q1,112.0,156256.5770535714
Tipperary,2011,2,2011 Q2,115.0,154784.44199999998
Tipperary,2011,3,2011 Q3,125.0,131202.48984
Tipperary,2011,4,2011 Q4,144.0,128148.76208333332
Tipperary,2012,1,2012 Q1,122.0,135953.47672131148
Tipperary,2012,2,2012 Q2,126.0,103901.70007936508
Tipperary,2012,3,2012 Q3,154.0,115133.75402597403
Tipperary,2012,4,2012 Q4,210.0,134174.5689047619
Tipperary,2013,1,2013 Q1,157.0,107472.06847133758
Tipperary,2013,2,2013 Q2,164.0,103226.12841463412
Tipperary,2013,3,2013 Q3,185.0,114105.9191891892
Tipperary,2013,4,2013 Q4,228.0,119605.1798245614
Tipperary,2014,1,2014 Q1,168.0,112069.50113095238
Tipperary,2014,2,2014 Q2,201.0,108808.6071641791
Tipperary,2014,3,2014 Q3,243.0,115371.4057201646
Tipperary,2014,4,2014 Q4,349.0,109752.24627507164
Tipperary,2015,1,2015 Q1,273.0,113863.02494505496
Tipperary,2015,2,2015 Q2,283.0,120861.17272084806
Tipperary,2015,3,2015 Q3,302.0,117939.05023178807
Tipperary,2015,4,2015 Q4,423.0,131293.61210401892
Tipperary,2016,1,2016 Q1,284.0,123635.54647887324
Tipperary,2016,2,2016 Q2,312.0,119183.49375
Tipperary,2016,3,2016 Q3,353.0,127394.32708215296
Tipperary,2016,4,2016 Q4,445.0,131099.27024719102
Tipperary,2017,1,2017 Q1,316.0,127273.64215189872
Tipperary,2017,2,2017 Q2,375.0,125576.67258666668
Tipperary,2017,3,2017 Q3,392.0,148211.51663265307
Tipperary,2017,4,2017 Q4,502.0,129898.36322709164
Tipperary,2018,1,2018 Q1,339.0,137182.0848377581
Tipperary,2018,2,2018 Q2,402.0,140093.42186567164
Tipperary,2018,3,2018 Q3,380.0,153761.37723684212
Tipperary,2018,4,2018 Q4,487.0,153947.12823408624
Tipperary,2019,1,2019 Q1,359.0,148008.21342618385
Tipperary,2019,2,2019 Q2,438.0,146638.20570776256
Tipperary,2019,3,2019 Q3,400.0,155973.41375
Tipperary,2019,4,2019 Q4,469.0,182362.38130063965
Tipperary,2020,1,2020 Q1,336.0,147831.3405357143
Tipperary,2020,2,2020 Q2,264.0,147345.92772727273
Tipperary,2020,3,2020 Q3,306.0,149635.60699346405
Tipperary,2020,4,2020 Q4,509.0,173218.9727308448
Tipperary,2021,1,2021 Q1,367.0,179717.1025613079
Tipperary,2021,2,2021 Q2,336.0,161527.14446428572
Tipperary,2021,3,2021 Q3,418.0,186320.02423444972
Tipperary,2021,4,2021 Q4,529.0,194035.2420604915
Tipperary,2022,1,2022 Q1,413.0,191996.3699273608
Tipperary,2022,2,2022 Q2,406.0,218491.7145073892
Tipperary,2022,3,2022 Q3,410.0,206060.18685365847
Tipperary,2022,4,2022 Q4,510.0,209225.8407843137
Tipperary,2023,1,2023 Q1,360.0,208021.25513888887
Tipperary,2023,2,2023 Q2,406.0,243148.3724630542
Tipperary,2023,3,2023 Q3,448.0,213088.07651785715
Tipperary,2023,4,2023 Q4,503.0,214850.78795228628
Tipperary,2024,1,2024 Q1,319.0,210794.57313479623
Tipperary,2024,2,2024 Q2,386.0,230892.6403626943
Tipperary,2024,3,2024 Q3,403.0,225937.71094292804
Tipperary,2024,4,2024 Q4,485.0,250453.8387628866
Tipperary,2025,1,2025 Q1,311.0,245337.0805787781
Tipperary,2025,2,2025 Q2,366.0,412447.6667759563
Tipperary,2025,3,2025 Q3,388.0,267882.68141752575
Tipperary,2025,4,2025 Q4,156.0,268751.3162179487
Waterford,2010,1,2010 Q1,98.0,190048.97714285715
Waterford,2010,2,2010 Q2,98.0,173879.4932653061
Waterford,2010,3,2010 Q3,113.0,188523.6238938053
Waterford,2010,4,2010 Q4,150.0,174329.0432
Waterford,2011,1,2011 Q1,99.0,179525.2933333333
Waterford,2011,2,2011 Q2,110.0,153326.43972727275
Waterford,2011,3,2011 Q3,131.0,143455.01488549617
Waterford,2011,4,2011 Q4,167.0,134474.87317365268
Waterford,2012,1,2012 Q1,103.0,112890.2776699029
Waterford,2012,2,2012 Q2,135.0,116495.04703703705
Waterford,2012,3,2012 Q3,141.0,141179.605035461
Waterford,2012,4,2012 Q4,211.0,126977.8510900474
Waterford,2013,1,2013 Q1,110.0,113071.757
Waterford,2013,2,2013 Q2,173.0,132294.1187283237
Waterford,2013,3,2013 Q3,216.0,111332.44925925926
Waterford,2013,4,2013 Q4,247.0,118602.1972874494
Waterford,2014,1,2014 Q1,195.0,120978.11384615384
Waterford,2014,2,2014 Q2,228.0,115552.05346491229
Waterford,2014,3,2014 Q3,291.0,126575.70896907218
Waterford,2014,4,2014 Q4,422.0,123129.97281990522
Waterford,2015,1,2015 Q1,274.0,125042.2087591241
Waterford,2015,2,2015 Q2,258.0,127555.55906976743
Waterford,2015,3,2015 Q3,373.0,130948.37871313671
Waterford,2015,4,2015 Q4,379.0,134386.7822955145
Waterford,2016,1,2016 Q1,294.0,134771.59826530612
Waterford,2016,2,2016 Q2,329.0,133074.78313069907
Waterford,2016,3,2016 Q3,409.0,144600.2799755501
Waterford,2016,4,2016 Q4,445.0,141559.38474157304
Waterford,2017,1,2017 Q1,300.0,143196.89353333335
Waterford,2017,2,2017 Q2,321.0,137680.8003426791
Waterford,2017,3,2017 Q3,354.0,175952.7065819209
Waterford,2017,4,2017 Q4,421.0,153495.65323040378
Waterford,2018,1,2018 Q1,326.0,165226.53156441718
Waterford,2018,2,2018 Q2,378.0,167055.7553174603
Waterford,2018,3,2018 Q3,382.0,180522.0069895288
Waterford,2018,4,2018 Q4,513.0,183722.2747368421
Waterford,2019,1,2019 Q1,317.0,171827.23416403786
Waterford,2019,2,2019 Q2,366.0,186580.6198360656
Waterford,2019,3,2019 Q3,432.0,189601.553587963
Waterford,2019,4,2019 Q4,466.0,212807.51712446357
Waterford,2020,1,2020 Q1,323.0,187071.4652631579
Waterford,2020,2,2020 Q2,223.0,192259.1734529148
Waterford,2020,3,2020 Q3,330.0,202706.7145151515
Waterford,2020,4,2020 Q4,531.0,202950.2892655367
Waterford,2021,1,2021 Q1,403.0,195137.9600248139
Waterford,2021,2,2021 Q2,374.0,195295.10197860963
Waterford,2021,3,2021 Q3,434.0,226138.0894009217
Waterford,2021,4,2021 Q4,548.0,239465.6109124088
Waterford,2022,1,2022 Q1,414.0,240460.8165700483
Waterford,2022,2,2022 Q2,466.0,267805.6968454936
Waterford,2022,3,2022 Q3,501.0,263757.1980638723
Waterford,2022,4,2022 Q4,517.0,263829.6821083172
Waterford,2023,1,2023 Q1,399.0,256390.24842105265
Waterford,2023,2,2023 Q2,389.0,250958.40935732645
Waterford,2023,3,2023 Q3,466.0,271203.5527896996
Waterford,2023,4,2023 Q4,530.0,264975.8081698113
Waterford,2024,1,2024 Q1,372.0,263811.00653225806
Waterford,2024,2,2024 Q2,492.0,269723.3099186992
Waterford,2024,3,2024 Q3,426.0,273432.81213615026
Waterford,2024,4,2024 Q4,477.0,332018.9004192872
Waterford,2025,1,2025 Q1,316.0,306887.8117405063
Waterford,2025,2,2025 Q2,358.0,304798.96969273745
Waterford,2025,3,2025 Q3,460.0,303756.0657826087
Waterford,2025,4,2025 Q4,181.0,316209.9942541437
Westmeath,2010,1,2010 Q1,71.0,171976.24929577464
Westmeath,2010,2,2010 Q2,97.0,161340.64391752577
Westmeath,2010,3,2010 Q3,138.0,156199.14717391302
Westmeath,2010,4,2010 Q4,104.0,157901.7930769231
Westmeath,2011,1,2011 Q1,65.0,143733.1523076923
Westmeath,2011,2,2011 Q2,98.0,143323.8787755102
Westmeath,2011,3,2011 Q3,106.0,133140.78528301886
Westmeath,2011,4,2011 Q4,100.0,125117.5939
Westmeath,2012,1,2012 Q1,87.0,95136.67540229885
Westmeath,2012,2,2012 Q2,82.0,124074.15975609756
Westmeath,2012,3,2012 Q3,114.0,116990.73307017544
Westmeath,2012,4,2012 Q4,149.0,111063.72087248322
Westmeath,2013,1,2013 Q1,90.0,103046.93344444444
Westmeath,2013,2,2013 Q2,120.0,117513.52041666668
Westmeath,2013,3,2013 Q3,131.0,104442.83877862596
Westmeath,2013,4,2013 Q4,197.0,106031.44751269036
Westmeath,2014,1,2014 Q1,133.0,87842.48909774437
Westmeath,2014,2,2014 Q2,191.0,106292.44612565446
Westmeath,2014,3,2014 Q3,251.0,107545.75278884462
Westmeath,2014,4,2014 Q4,377.0,116376.44127320957
Westmeath,2015,1,2015 Q1,195.0,122657.82564102564
Westmeath,2015,2,2015 Q2,213.0,111463.5030516432
Westmeath,2015,3,2015 Q3,244.0,123169.1400819672
Westmeath,2015,4,2015 Q4,320.0,158879.67440625
Westmeath,2016,1,2016 Q1,157.0,127707.8374522293
Westmeath,2016,2,2016 Q2,262.0,122186.83377862597
Westmeath,2016,3,2016 Q3,268.0,136767.5470522388
Westmeath,2016,4,2016 Q4,305.0,139667.54809836065
Westmeath,2017,1,2017 Q1,211.0,154598.28232227487
Westmeath,2017,2,2017 Q2,236.0,147830.21483050848
Westmeath,2017,3,2017 Q3,298.0,159612.27080536913
Westmeath,2017,4,2017 Q4,253.0,180857.6709881423
Westmeath,2018,1,2018 Q1,232.0,181976.60849137933
Westmeath,2018,2,2018 Q2,245.0,172649.97175510204
Westmeath,2018,3,2018 Q3,238.0,183252.78197478992
Westmeath,2018,4,2018 Q4,321.0,171333.26906542055
Westmeath,2019,1,2019 Q1,195.0,176383.53241025642
Westmeath,2019,2,2019 Q2,268.0,195261.48671641792
Westmeath,2019,3,2019 Q3,435.0,171716.3071724138
Westmeath,2019,4,2019 Q4,287.0,187216.61846689892
Westmeath,2020,1,2020 Q1,231.0,177758.36199134198
Westmeath,2020,2,2020 Q2,166.0,204592.49144578312
Westmeath,2020,3,2020 Q3,199.0,192858.60859296485
Westmeath,2020,4,2020 Q4,356.0,211082.84558988764
Westmeath,2021,1,2021 Q1,268.0,198310.0669402985
Westmeath,2021,2,2021 Q2,247.0,217999.68368421053
Westmeath,2021,3,2021 Q3,296.0,220245.53817567567
Westmeath,2021,4,2021 Q4,316.0,217531.13474683545
Westmeath,2022,1,2022 Q1,230.0,237315.04560869563
Westmeath,2022,2,2022 Q2,258.0,223056.6546124031
Westmeath,2022,3,2022 Q3,330.0,244034.43566666663
Westmeath,2022,4,2022 Q4,382.0,273557.029947644
Westmeath,2023,1,2023 Q1,246.0,234744.4686178862
Westmeath,2023,2,2023 Q2,309.0,241005.7497734628
Westmeath,2023,3,2023 Q3,333.0,262926.5536636637
Westmeath,2023,4,2023 Q4,409.0,311474.1787041565
Westmeath,2024,1,2024 Q1,216.0,251322.67736111116
Westmeath,2024,2,2024 Q2,303.0,286155.89465346537
Westmeath,2024,3,2024 Q3,321.0,289418.3556697819
Westmeath,2024,4,2024 Q4,315.0,306582.97019047616
Westmeath,2025,1,2025 Q1,217.0,279551.2537327189
Westmeath,2025,2,2025 Q2,233.0,534103.7868240343
Westmeath,2025,3,2025 Q3,390.0,310187.35084615386
Westmeath,2025,4,2025 Q4,126.0,316144.9065079365
Wexford,2010,1,2010 Q1,149.0,193781.0048322148
Wexford,2010,2,2010 Q2,165.0,176262.92818181816
Wexford,2010,3,2010 Q3,225.0,175340.42688888888
Wexford,2010,4,2010 Q4,192.0,176318.57911458332
Wexford,2011,1,2011 Q1,99.0,155641.75626262627
Wexford,2011,2,2011 Q2,144.0,151215.79888888888
Wexford,2011,3,2011 Q3,191.0,136401.0030366492
Wexford,2011,4,2011 Q4,192.0,136996.47510416666
Wexford,2012,1,2012 Q1,168.0,126449.95589285714
Wexford,2012,2,2012 Q2,188.0,122170.92063829786
Wexford,2012,3,2012 Q3,272.0,118624.5386764706
Wexford,2012,4,2012 Q4,319.0,130546.92858934168
Wexford,2013,1,2013 Q1,188.0,117577.45585106385
Wexford,2013,2,2013 Q2,208.0,119689.07860576925
Wexford,2013,3,2013 Q3,275.0,107558.1324
Wexford,2013,4,2013 Q4,347.0,118712.31080691644
Wexford,2014,1,2014 Q1,228.0,116361.68157894736
Wexford,2014,2,2014 Q2,336.0,122349.86455357145
Wexford,2014,3,2014 Q3,437.0,120945.44414187645
Wexford,2014,4,2014 Q4,502.0,128449.68814741036
Wexford,2015,1,2015 Q1,336.0,134099.56586309525
Wexford,2015,2,2015 Q2,407.0,132231.78417690416
Wexford,2015,3,2015 Q3,478.0,133874.77435146444
Wexford,2015,4,2015 Q4,458.0,130382.7223580786
Wexford,2016,1,2016 Q1,300.0,137871.19836666665
Wexford,2016,2,2016 Q2,388.0,140820.6731185567
Wexford,2016,3,2016 Q3,465.0,152780.73858064515
Wexford,2016,4,2016 Q4,483.0,151317.28169772256
Wexford,2017,1,2017 Q1,359.0,146928.40467966575
Wexford,2017,2,2017 Q2,407.0,149924.59277641278
Wexford,2017,3,2017 Q3,512.0,152077.32693359375
Wexford,2017,4,2017 Q4,550.0,174524.52018181817
Wexford,2018,1,2018 Q1,357.0,165928.18198879552
Wexford,2018,2,2018 Q2,430.0,171784.41704651163
Wexford,2018,3,2018 Q3,488.0,177333.33268442622
Wexford,2018,4,2018 Q4,541.0,181670.35249537893
Wexford,2019,1,2019 Q1,422.0,175748.3947630332
Wexford,2019,2,2019 Q2,482.0,182129.81006224063
Wexford,2019,3,2019 Q3,497.0,201634.43458752515
Wexford,2019,4,2019 Q4,550.0,195377.3091636364
Wexford,2020,1,2020 Q1,374.0,193982.36850267375
Wexford,2020,2,2020 Q2,272.0,181044.35779411765
Wexford,2020,3,2020 Q3,410.0,205554.8855609756
Wexford,2020,4,2020 Q4,793.0,221254.9415132409
Wexford,2021,1,2021 Q1,478.0,233100.71213389124
Wexford,2021,2,2021 Q2,491.0,215544.9612830957
Wexford,2021,3,2021 Q3,574.0,227042.546271777
Wexford,2021,4,2021 Q4,626.0,249700.4667891374
Wexford,2022,1,2022 Q1,448.0,234405.9317857143
Wexford,2022,2,2022 Q2,584.0,242481.3462671233
Wexford,2022,3,2022 Q3,641.0,258157.24898595945
Wexford,2022,4,2022 Q4,688.0,284481.8941569768
Wexford,2023,1,2023 Q1,503.0,259232.0335785288
Wexford,2023,2,2023 Q2,539.0,279078.83256029687
Wexford,2023,3,2023 Q3,609.0,278065.61438423645
Wexford,2023,4,2023 Q4,605.0,264905.64456198347
Wexford,2024,1,2024 Q1,444.0,267118.5919144144
Wexford,2024,2,2024 Q2,494.0,287928.86364372465
Wexford,2024,3,2024 Q3,585.0,284936.1990769231
Wexford,2024,4,2024 Q4,701.0,350212.5670756063
Wexford,2025,1,2025 Q1,468.0,302937.0412393163
Wexford,2025,2,2025 Q2,486.0,317427.99773662555
Wexford,2025,3,2025 Q3,570.0,323045.58366666664
Wexford,2025,4,2025 Q4,227.0,299867.7812334802
Wicklow,2010,1,2010 Q1,127.0,302954.26188976376
Wicklow,2010,2,2010 Q2,158.0,278559.03139240504
Wicklow,2010,3,2010 Q3,229.0,301853.4193449782
Wicklow,2010,4,2010 Q4,204.0,291439.7796568627
Wicklow,2011,1,2011 Q1,111.0,269961.51684684685
Wicklow,2011,2,2011 Q2,128.0,249657.451171875
Wicklow,2011,3,2011 Q3,158.0,243091.54037974685
Wicklow,2011,4,2011 Q4,179.0,232442.7392178771
Wicklow,2012,1,2012 Q1,114.0,203129.9562280702
Wicklow,2012,2,2012 Q2,174.0,210379.7425287357
Wicklow,2012,3,2012 Q3,215.0,257759.91404651164
Wicklow,2012,4,2012 Q4,287.0,248892.6217770035
Wicklow,2013,1,2013 Q1,165.0,268770.99296969693
Wicklow,2013,2,2013 Q2,203.0,222671.61522167487
Wicklow,2013,3,2013 Q3,283.0,224472.6219787986
Wicklow,2013,4,2013 Q4,337.0,266581.9819287833
Wicklow,2014,1,2014 Q1,239.0,291030.7639330544
Wicklow,2014,2,2014 Q2,342.0,219357.0669005848
Wicklow,2014,3,2014 Q3,349.0,278037.3042979943
Wicklow,2014,4,2014 Q4,410.0,269161.1570487805
Wicklow,2015,1,2015 Q1,253.0,284723.4092885375
Wicklow,2015,2,2015 Q2,349.0,282756.7871633238
Wicklow,2015,3,2015 Q3,340.0,301457.0545882353
Wicklow,2015,4,2015 Q4,470.0,290840.02270212764
Wicklow,2016,1,2016 Q1,273.0,333312.6227838828
Wicklow,2016,2,2016 Q2,338.0,296371.3015976331
Wicklow,2016,3,2016 Q3,377.0,300009.8173474801
Wicklow,2016,4,2016 Q4,458.0,312510.95434497815
Wicklow,2017,1,2017 Q1,344.0,321042.83061046514
Wicklow,2017,2,2017 Q2,403.0,330417.20267990074
Wicklow,2017,3,2017 Q3,443.0,332846.70952595933
Wicklow,2017,4,2017 Q4,484.0,334838.0715495868
Wicklow,2018,1,2018 Q1,356.0,340560.6495505618
Wicklow,2018,2,2018 Q2,387.0,332422.5822997416
Wicklow,2018,3,2018 Q3,388.0,335626.6086340206
Wicklow,2018,4,2018 Q4,493.0,323525.198296146
Wicklow,2019,1,2019 Q1,316.0,326519.8168987342
Wicklow,2019,2,2019 Q2,449.0,314827.504922049
Wicklow,2019,3,2019 Q3,641.0,345434.6275819033
Wicklow,2019,4,2019 Q4,575.0,407911.14591304347
Wicklow,2020,1,2020 Q1,323.0,393979.6635913313
Wicklow,2020,2,2020 Q2,258.0,334052.60472868214
Wicklow,2020,3,2020 Q3,387.0,330923.6422739018
Wicklow,2020,4,2020 Q4,771.0,376915.6949805448
Wicklow,2021,1,2021 Q1,481.0,404935.9968607069
Wicklow,2021,2,2021 Q2,446.0,415923.7598206278
Wicklow,2021,3,2021 Q3,547.0,461715.6745155393
Wicklow,2021,4,2021 Q4,673.0,437133.7554086181
Wicklow,2022,1,2022 Q1,381.0,414160.0847769029
Wicklow,2022,2,2022 Q2,552.0,480100.7357065218
Wicklow,2022,3,2022 Q3,614.0,448700.95006514655
Wicklow,2022,4,2022 Q4,626.0,597764.5023642173
Wicklow,2023,1,2023 Q1,408.0,599469.0945588235
Wicklow,2023,2,2023 Q2,492.0,534128.9615853658
Wicklow,2023,3,2023 Q3,663.0,461235.32386123686
Wicklow,2023,4,2023 Q4,809.0,483121.7443634116
Wicklow,2024,1,2024 Q1,484.0,457220.4345867769
Wicklow,2024,2,2024 Q2,586.0,443520.3376962457
Wicklow,2024,3,2024 Q3,712.0,473729.615730337
Wicklow,2024,4,2024 Q4,811.0,949784.4182490752
Wicklow,2025,1,2025 Q1,487.0,498795.622238193
Wicklow,2025,2,2025 Q2,569.0,489586.762688928
Wicklow,2025,3,2025 Q3,563.0,517403.018419183
Wicklow,2025,4,2025 Q4,213.0,533681.9055868544
